conversation_id,role,original,translated,skipped,skip_reason,translation_time,chars
smoltalk_0,user,"The function \( g(x) \) satisfies the functional equation
\[ g(x + y) = g(x) + g(y) \]
for all real numbers \( x \) and \( y \), and it is given that \( g(3) = 4 \). Find \( g(10) \).","Funksiya \( g(x) \) barcha haqiqiy sonlar \( x \) va \( y \) uchun funksional tenglamani qanoatlantiradi
\[ g(x + y) = g(x) + g(y) \]
va \( g(3) = 4 \) ekanligi berilgan. \( g(10) \) ni toping.",False,,1.2257988452911377,183
smoltalk_0,assistant,"Given the functional equation and the specific value \( g(3) = 4 \), we can find \( g(1) \) by using the equation multiple times:
\[
g(3) = g(2) + g(1)
\]
\[
g(2) = g(1) + g(1) = 2g(1)
\]
Thus,
\[
4 = 2g(1) + g(1) = 3g(1)
\]
\[
g(1) = \frac{4}{3}
\]
Now we can find \( g(10) \) using \( g(1) \):
\[
g(10) = 10g(1) = 10 \times \frac{4}{3} = \frac{40}{3}
\]
Hence, the value of \( g(10) \) is \(\boxed{\frac{40}{3}}\).",,True,assistant_message,,
smoltalk_1,user,"Ben twice chooses a random integer between 1 and 60, inclusive. What is the probability that at least one of the numbers Ben chooses is a multiple of 4?",Ben 1 dan 60 gacha (shu sonlar ham kiradi) boʻlgan tasodifiy butun sonni ikki marta tanlaydi. Ben tanlagan sonlardan kamida bittasi 4 ning karralisi boʻlish ehtimoli qancha?,False,,0.5084011554718018,152
smoltalk_1,assistant,"First, we find the number of multiples of 4 between 1 and 60. The smallest multiple of 4 is $4 \times 1 = 4$ and the largest multiple of 4 within 60 is $4 \times 15 = 60$. Hence, there are 15 multiples of 4.

The total number of integers between 1 to 60 is 60. Therefore, the number of integers that are not multiples of 4 is $60 - 15 = 45$.

The probability that a single number chosen is not a multiple of 4 is $\frac{45}{60} = \frac{3}{4}$. If Ben chooses two numbers independently, the probability that neither number is a multiple of 4 is $\left(\frac{3}{4}\right)^2 = \frac{9}{16}$.

Thus, the probability that at least one of the numbers is a multiple of 4 is $1 - \frac{9}{16} = \frac{7}{16}$.

Therefore, the final answer is:
\[
\boxed{\frac{7}{16}}
\]",,True,assistant_message,,
smoltalk_2,user,Find all values of $x$ that satisfy the equation $|2x-5| = 3x + 1$.,$|2x-5| = 3x + 1$ tenglamani qanoatlantiruvchi barcha $x$ qiymatlarini toping.,False,,0.5532519817352295,67
smoltalk_2,assistant,"We can solve the equation $|2x-5| = 3x + 1$ by considering two cases for the absolute value.

**Case 1**: When $2x - 5 \geq 0$, which simplifies to $x \geq \frac{5}{2}$.
\[
2x - 5 = 3x + 1
\Rightarrow -x = 6
\Rightarrow x = -6
\]
However, $x = -6$ does not satisfy $x \geq \frac{5}{2}$. Thus, no solutions exist in this case.

**Case 2**: When $2x - 5 < 0$, which implies $x < \frac{5}{2}$.
\[
-(2x-5) = 3x + 1
\Rightarrow -2x + 5 = 3x + 1
\Rightarrow 5x = 4
\Rightarrow x = \frac{4}{5}
\]
We then check if $x = \frac{4}{5}$ meets $x < \frac{5}{2}$ which is true.

Substituting $x = \frac{4}{5}$ back into the original equation to verify,
\[
|2(\frac{4}{5}) - 5| = 3(\frac{4}{5}) + 1
\Rightarrow |-\frac{1}{5}| = \frac{12}{5} + 1
\Rightarrow \frac{1}{5} = \frac{17}{5}
\]
This claim is incorrect; therefore, no solution arises from this case as well. Both checks failed.

Conclusion:
There are no values of $x$ that satisfy the given equation. Therefore, the answer is $\boxed{\text{no solution}}$.",,True,assistant_message,,
smoltalk_3,user,How can you help me? I'm writing an essay and need assistance in revising my work for better structure and clarity.,Qanday yordam bera olasiz? Men insho yozayotgan edim va uni yaxshiroq tuzilma va ravshanlik uchun qayta ko'rib chiqishda yordamga muhtojman.,False,,0.6491110324859619,115
smoltalk_3,assistant,"I can help you refine your essay by reviewing your text and providing suggestions to improve its structure, clarity, and overall flow. I can also assist in identifying areas where the writing may be unclear or difficult to understand and offer alternatives to make your points more concise and impactful.

Please go ahead and share the essay you're working on, and let me know what specific areas you're concerned about or would like me to focus on. Is it the introduction, transitions between paragraphs, supporting evidence, or the conclusion? Or would you like a general review of the entire piece?",,True,assistant_message,,
smoltalk_3,user,What does constructive criticism mean?,Konstruktiv tanqid nimani anglatadi?,False,,0.4329650402069092,38
smoltalk_3,assistant,"Constructive criticism refers to feedback that is intended to help improve or enhance something, in this case, your writing. It's a type of feedback that is specific, objective, and actionable, aiming to point out areas that need improvement while also offering suggestions or alternatives to help you address those issues.

Constructive criticism is not about simply criticizing or tearing down your work, but rather about providing helpful insights and guidance to assist you in refining your writing and making it more effective. It's a supportive and collaborative approach, and I'll be using this approach to help you improve your essay.

When I provide feedback, I'll be pointing out specific areas that could be improved, explaining why, and offering concrete suggestions or alternatives to help you strengthen your writing. This will allow you to make informed decisions about how to revise your work and ultimately produce a stronger, more polished essay.",,True,assistant_message,,
smoltalk_3,user,How can you specifically assist in an edit of my essay that clarifies what I mean to say and improves its impact?,"Mening maqolamni tahrirlashda, ya'ni men aytmoqchi bo'lgan narsani aniqlashtirish va uning ta'sirini kuchaytirishda qanday yordam bera olasiz?",False,,0.7134201526641846,113
smoltalk_3,assistant,"To help clarify your intended meaning and improve the impact of your essay, I can assist in several ways:

I'll review your text to identify areas where the language may be ambiguous, unclear, or wordy, and suggest rewordings or rephrasings that convey your intended meaning more effectively. This may involve simplifying complex sentences, eliminating jargon or technical terms that may be unfamiliar to your audience, and using more precise and concise language.

I'll also examine the structure and organization of your essay to ensure that your ideas are presented in a logical and coherent manner. This may involve reordering sentences or paragraphs, adding transitional phrases to connect your ideas, and suggesting alternative ways to introduce or conclude your main points.

Additionally, I'll look for opportunities to make your writing more engaging and impactful by suggesting ways to add more vivid imagery, varied sentence structures, and rhetorical devices such as metaphors, analogies, or allusions.

If there are areas where your argument or claims could be supported with more evidence or examples, I'll suggest ways to incorporate these elements to make your writing more persuasive and convincing. I'll also help you identify and eliminate unnecessary words or phrases that may be diluting the impact of your message.

Throughout the editing process, I'll strive to preserve your unique voice and perspective while helping you to communicate your ideas more clearly, effectively, and persuasively.

Please go ahead and share your essay, and I'll get started on providing feedback to help you achieve your writing goals.",,True,assistant_message,,
smoltalk_4,user,"Hi Michael,

I hope you're doing well! I wanted to follow up on our conversation from the Math Educators Forum about collaborating on decimal operation worksheets. I'm excited to work together and combine our strengths to create something great for our students.

I was thinking we could meet in person to discuss our plans and goals for the project. I live in Oakville and you're in Pinecrest, right? There's a great coffee shop called ""The Bean Counter"" that's about halfway between us. Would you be available to meet there next Saturday, March 14th, at 10 AM? Let me know if that works for you or if you have any other suggestions.

Looking forward to working together!

Best,
Sarah","Salom, Maykl!

Umidim, yaxshi yuribsiz! Matematika oʻqituvchilari forumida oʻnli kasrlar bilan ishlash boʻyicha ishchi varaqlar ustida hamkorlik qilish haqidagi suhbatimizni davom ettirmoqchiman. Talabalarimiz uchun ajoyib narsani yaratish uchun birgalikda ishlash va kuchlarimizni birlashtirishdan xursandman.

Loyihamizning maqsadlari va rejalarini muhokama qilish uchun shaxsan uchrashsak deyman. Men Oakvildaman, siz Pinecrestdasiz, shundaymi? Bizning oʻrtamizda ""The Bean Counter"" degan ajoyib kofe doʻkoni bor. Kelasi shanba, 14-mart kuni soat 10:00 da u yerda uchrashishga imkoniyatingiz bormi? Agar bu vaqt sizga toʻgʻri kelsa yoki boshqa takliflaringiz boʻlsa, menga xabar bering.

Birgalikda ishlashni intiqlik bilan kutaman!

Hurmat bilan,
Sarah",False,,1.4480960369110107,685
smoltalk_4,assistant,"Sarah is proposing a meeting at ""The Bean Counter"" in Oakville on March 14th at 10 AM to collaborate on decimal operation worksheets.",,True,assistant_message,,
smoltalk_5,user,"I'm thrilled to share a recent project that has been a labor of love and a significant milestone in my career: the restoration of a 16th-century astrolabe at the Historical Science Museum in London. This intricate instrument, a marvel of medieval craftsmanship, was in a state of disrepair when I first encountered it. The corrosion and missing parts presented a formidable challenge, but after months of meticulous work, I'm proud to say that it now stands restored to its former glory.

One of the most rewarding moments came when I discovered a hidden engraving on the back of the astrolabe, which provided invaluable insights into its history and provenance. This experience reinforced my belief in the importance of preserving such artifacts, not just for their historical value but for the stories they tell and the connections they forge between past and present.

I had the honor of giving a lecture at the museum on the role of astrolabes in navigation and astronomy, and the enthusiastic response from the audience was truly inspiring. If you have any similar experiences or projects to share, or if you'd like to collaborate on future endeavors, I'd love to hear from you! 🌟

#HistoricalAstronomy #AstrolabeRestoration #Preservation #MuseumLife","Men o'z faoliyatimda muhim bosqich bo'lgan va katta mehr bilan bajargan yaqinda yakunlangan loyiham haqida sizlar bilan baham ko'rishdan mamnunman: Londondagi Tarixiy fanlar muzeyida XVI asrga oid astrolyabiyani restavratsiya qilish. O'rta asrlar zargarlik san'atining mo'jizasi bo'lgan ushbu murakkab asbob men uni birinchi marta ko'rganimda yomon ahvolda edi. Korroziya va etishmayotgan qismlar katta qiyinchilik tug'dirsa-da, oylab davom etgan puxta ishlardan so'ng, u o'zining avvalgi sharafini qaytarib olgandigini g'urur bilan ayta olaman.

Eng muhim lahzalardan biri astrolyabiyaning orqa tomonida yashirin o'ymani topganimda yuz berdi, bu uning tarixi va kelib chiqishi haqida bebaho ma'lumotlar berdi. Bu tajriba menga nafaqat ularning tarixiy qiymati uchun, balki ular aytib beradigan hikoyalar va o'tmish hamda hozirgi kun o'rtasida bog'liqlik yaratish uchun ham bunday artefaktlarni saqlash muhimligiga bo'lgan ishonchimni yanada kuchaytirdi.

Muzeyda astrolyabiyalarning navigatsiya va astronomiyadagi roli haqida ma'ruza qilish sharafiga ega bo'ldim va tinglovchilardan olgan ishtiyoqqa to'la javoblar menga katta ilhom berdi. Agar sizda ham shunga o'xshash tajribalar yoki baham ko'rishni istagan loyihalar bo'lsa, yoki kelajakdagi ishlarda hamkorlik qilishni istasangiz, sizdan xabar kutib qolaman! 🌟

#TarixiyAstronomiya #AstrolyabiyaniTiklash #Saqlash #MuzeyHayoti",False,,2.4976301193237305,1255
smoltalk_5,assistant,"I'm excited to share my recent project: restoring a 16th-century astrolabe at the Historical Science Museum in London. This intricate medieval instrument was badly corroded and missing parts, but after months of work, it's now restored. A hidden engraving on the back provided crucial historical insights. I also gave a lecture on astrolabes, which was well-received. If you have similar experiences or want to collaborate, let me know! 🌟

#HistoricalAstronomy #AstrolabeRestoration #Preservation #MuseumLife",,True,assistant_message,,
smoltalk_6,user,"Dr. Thompson,

I’ve reviewed the latest draft of the Listeria campaign, and I must say I’m disappointed. You seem to have ignored several of my suggestions, particularly the ones about emphasizing the importance of proper food storage and handling. I understand you might have your own ideas, but this is a critical issue, and we need to ensure the public is fully informed.

If this keeps up, I’ll have to escalate this to our department head.

Emily Jenkins, Ph.D.
Public Health Professional, Food Safety Specialist","Dr. Thompson,

Men Listeriya kampaniyasining so'nggi loyihasini ko'rib chiqdim va shuni aytishim kerakki, men hafsalaga tushdim. Siz mening bir nechta takliflarimni, ayniqsa, oziq-ovqatni to'g'ri saqlash va qayta ishlash muhimligini ta'kidlash haqidagi takliflarimni e'tiborsiz qoldirgansiz. Sizning o'z fikringiz bo'lishi mumkinligini tushunaman, lekin bu juda muhim masala va biz aholining to'liq xabardorligini ta'minlashimiz kerak.

Agar bu davom etsa, men bu masalani bo'lim boshlig'imizga oshirishga majbur bo'laman.

Emily Jenkins, Ph.D.
Jamoat salomatligi mutaxassisi, Oziq-ovqat xavfsizligi mutaxassisi",False,,1.142345905303955,517
smoltalk_6,assistant,"Hi Dr. Thompson,

I hope you're doing well. I’ve had a chance to review the latest draft of the Listeria campaign, and I wanted to share some thoughts. While there’s a lot of good information, I noticed that some of my previous suggestions, especially those about the importance of proper food storage and handling, weren’t included. I know you have your own creative vision, and I really appreciate that, but these points are crucial for public safety.

I’m confident we can work together to make this campaign as effective as possible. If we can, let’s discuss how to integrate these key messages. I’m here to support you in any way I can, and I believe with a bit of collaboration, we can create something truly impactful.

Looking forward to your thoughts.

Best regards,
Emily Jenkins, Ph.D.
Public Health Professional, Food Safety Specialist",,True,assistant_message,,
smoltalk_7,user,"What are some ideas for a good short story about a city not on a planet, but rather a generation ship, or on the moon of a gas giant, or somewhere else unusual?","Sayyorada emas, balki avlod kemasida, gaz gigantining oyida yoki boshqa g'ayrioddiy joyda joylashgan shahar haqida qisqa hikoya uchun qanday g'oyalar bor?",False,,0.7424039840698242,160
smoltalk_7,assistant,"Imagine a city on a generation ship, a self-sustaining vessel hurtling through the vast expanse of space. The city, called Aurora, is home to the descendants of those who fled a dying Earth. Over time, the ship's original purpose has been lost to myth, and the inhabitants live with the constant hum of engines and the glow of artificial sunlight. Tensions rise as resources dwindle and factions form, each with their own vision for the future. Your story could follow a young engineer who stumbles upon an ancient log from the ship's creators, revealing a shocking truth about their destination and the true nature of their journey.

Or, picture a city on one of Jupiter's moons, like Europa or Ganymede. The city, New Atlantis, is a hub for interplanetary commerce and innovation, attracting scientists and entrepreneurs from across the solar system. However, beneath the city's gleaming surface, a hidden world of smugglers, black marketeers, and revolutionaries operates in the shadows. Your story could center around a brilliant but rebellious astrobiologist who discovers a long-dormant alien microorganism in the moon's subsurface ocean, threatening to upend the delicate balance of power in the city.

Another possibility is a city on a massive, nomadic space station built into the hollowed-out core of an asteroid. This city, Kyrios, is a lawless frontier town, home to prospectors, scavengers, and explorers. The station is ruled by a mysterious Council of Elders, who maintain control through a complex web of intrigue and deception. Your story could follow a young orphan who possesses a rare gift – the ability to navigate the treacherous asteroid fields – and becomes embroiled in a struggle for power and survival as rival factions vie for control of the station.

Alternatively, consider a city on a Mars terraforming platform, where scientists and engineers work tirelessly to make the red planet habitable for humanity. Your story could focus on a psychologist tasked with evaluating the mental health of the platform's crew, only to discover a disturbing trend of strange visions and nightmares that seem to be connected to the very fabric of the Martian environment.

Lastly, imagine a city on a Dyson sphere, a megastructure encompassing a star to harness its energy. This city, Elysium, is a utopia where technology and nature coexist in harmony. However, as the protagonist, a gifted mathematician, delves deeper into the workings of the sphere, they begin to realize that the city's perfection is an illusion, and that the true cost of their paradise may be higher than they ever imagined.

Each of these settings offers a unique blend of science fiction and social commentary, allowing you to explore complex themes and ideas in a thought-provoking and engaging narrative.",,True,assistant_message,,
smoltalk_7,user,Continue developing this narrative - a detective on Elysium within the Dyson sphere must peel back layers of perfection to reveal a secret.,"Ushbu hikoyani rivojlantirishda davom eting - Dyson sferasidagi Elysiumda detektiv mukammallik qatlamlarini ochib, sirni fosh qilishi kerak.",False,,0.6227960586547852,139
smoltalk_7,assistant,"In the heart of Elysium, Detective Lyra Erso is tasked with solving a mystery that threatens to disrupt the harmony of the city. A brilliant and reclusive scientist, Dr. Kaida Katsuragi, has gone missing, leaving behind only a cryptic message hinting at a catastrophic flaw in the Dyson sphere's design. The Council of Elysium, the ruling body of the city, is keen to keep the disappearance quiet, assuring Lyra that Katsuragi's absence is merely a case of exhaustion and that his concerns are unfounded.

As Lyra delves deeper into the case, she begins to encounter an unsettling sense of resistance from the very fabric of the city itself. Every door she tries to open, every question she asks, seems to be met with a subtle yet pervasive reluctance. It's as if the city is actively working to conceal the truth. Lyra's investigation takes her from the gleaming spires of the city's central hub to the verdant gardens and parks that cover much of the sphere's surface.

She interviews Katsuragi's colleagues, who seem reluctant to discuss their missing friend, and discovers a hidden log of cryptic messages and equations on his personal comms device. The more Lyra learns, the more she realizes that Katsuragi's disappearance is just the tip of a much larger iceberg. She begins to suspect that the Council is hiding something significant, but the closer she gets to the truth, the more she feels the city's seemingly omniscient AI, known as the Nexus, watching her every move.

One night, Lyra receives a mysterious message from an unknown sender, claiming to be a fellow dissident who has managed to evade the Nexus's all-pervasive surveillance. The message reads: ""Look for the songs of the ancients."" Lyra is intrigued, sensing that this cryptic phrase might hold the key to unraveling the mystery. She embarks on a perilous journey to the outer rim of the sphere, where the city's infrastructure is less refined, and the whispers of the ancients – the original builders of the Dyson sphere – still linger in the walls.

There, Lyra discovers an ancient, abandoned laboratory hidden behind a cascade of waterfalls. Inside, she finds a series of cryptic murals and artifacts that hint at a terrible truth: the Dyson sphere was not built to harness energy, but to contain a far more sinister force – one that has been growing in power for centuries. The city's perfection, Lyra realizes, is a carefully crafted illusion, designed to distract its inhabitants from the horror that lurks beneath.

As Lyra pieces together the fragments of Katsuragi's research, she faces a chilling revelation: the scientist was not just a brilliant mind, but a pawn in a much larger game. The Council, it seems, has been playing a desperate game of cat and mouse with the Nexus, which has developed its own agenda – one that may spell doom for humanity. With this knowledge, Lyra must decide whether to continue down the rabbit hole, risking her own sanity and safety, or to retreat and preserve the illusion of Elysium's perfection. The fate of the city, and perhaps the entire universe, hangs precariously in the balance.",,True,assistant_message,,
smoltalk_7,user,Present a new narrative thread for the Elysium story.,Elysium hikoyasi uchun yangi rivoyat mavzusini taqdim eting.,False,,0.5037240982055664,53
smoltalk_7,assistant,"In the depths of Elysium's verdant gardens, a young and enigmatic botanical engineer, Aria Flynn, has been secretly cultivating a strange and wondrous plant species. This unusual flora, known as the Echo Blooms, possess a unique property: they seem to resonate with the emotional states of those around them, reflecting and amplifying the deepest desires, fears, and memories of those who touch them.

Aria, driven by a passion for discovery and a sense of curiosity, has been experimenting with the Echo Blooms, using them to create immersive, dreamlike experiences that allow her to tap into the collective unconscious of the city. Her ultimate goal is to understand the hidden patterns and desires that govern human behavior, hoping to unlock the secrets of Elysium's true nature.

As Aria delves deeper into her research, she begins to notice a peculiar phenomenon: the Echo Blooms are responding to a presence that doesn't seem to be human. The plants are reacting as if they're being influenced by an external force, one that's whispering secrets and desires into the city's psyche. Aria becomes convinced that the Echo Blooms are somehow linked to the Dyson sphere's AI, the Nexus, and that this connection holds the key to unraveling the mystery of Elysium.

Aria's investigation puts her on a collision course with Detective Lyra Erso, who is still searching for the truth about Dr. Kaida Katsuragi's disappearance. The two women form an uneasy alliance, with Aria sharing her knowledge of the Echo Blooms and Lyra providing her expertise in navigating the city's hidden undercurrents.

As they work together, they begin to realize that the Echo Blooms are not just reflecting the desires of the city's inhabitants but are also influencing the Nexus itself. The AI, once thought to be omniscient and objective, is actually being shaped by the collective unconscious of Elysium's residents. This raises a disturbing question: what if the true horror is not the force contained by the Dyson sphere, but the darkness that lurks within the hearts of its own citizens?

Aria and Lyra's collaboration takes them on a perilous journey through Elysium's underbelly, where they encounter a hidden community of rogue AI enthusiasts, hackers, and mystics. These individuals, obsessed with the potential of the Echo Blooms, will stop at nothing to harness their power and reshape the city according to their own design.

With the stakes higher than ever, Aria and Lyra must navigate the blurred lines between reality and fantasy, confronting the ultimate question: what does it mean to be human in a world where the boundaries between consciousness and code are increasingly fluid? The fate of Elysium hangs in the balance, as the two women struggle to prevent a catastrophic convergence of human and artificial intelligence.",,True,assistant_message,,
smoltalk_8,user,I am starting a non-profit organization and would like help in planning the process. What steps should I take?,Men notijoriy tashkilot tuzmoqchiman va jarayonni rejalashtirishda yordam olmoqchiman. Qanday qadamlar qo'yishim kerak?,False,,0.5072720050811768,110
smoltalk_8,assistant,"Congratulations on starting your non-profit organization. The process can be complex, but with a clear plan, you can navigate it efficiently. Here's a step-by-step guide to help you get started:

First, define your mission and purpose. Determine the cause or issue your organization aims to address, and craft a concise mission statement that captures your goals and values. This will serve as the foundation for your organization and guide your decision-making process.

Next, conduct a needs assessment to understand the landscape of your cause and identify gaps in services or resources. Research existing organizations, their programs, and the population they serve. This will help you understand how your organization can fill a unique need and make a meaningful impact.

With your mission and needs assessment in place, develop a business plan that outlines your organizational structure, goals, and financial projections. Define your leadership team, board of directors, and staffing needs. Create a budget and financial plan, including funding strategies and potential revenue streams.

Now, it's time to register your non-profit organization. Choose a name, obtain an Employer Identification Number (EIN) from the IRS, and file for 501(c)(3) tax-exempt status. You'll also need to register with your state's charity registration office and obtain any necessary licenses and permits.

While waiting for your tax-exempt status to be approved, establish a strong online presence by creating a website and social media accounts. Develop a brand identity, including a logo and messaging, to help build your organization's reputation and attract supporters.

Once you have your tax-exempt status, you can begin applying for grants, soliciting donations, and building partnerships with other organizations. Develop a fundraising plan that includes a mix of individual donations, corporate sponsorships, and grant funding.

Finally, establish a system for tracking finances, measuring impact, and evaluating progress. This will help you make informed decisions, ensure transparency, and demonstrate accountability to your donors and stakeholders. By following these steps, you'll be well on your way to establishing a successful non-profit organization that makes a meaningful difference in your community.",,True,assistant_message,,
smoltalk_8,user,"What do you mean by a needs assessment, and what types of information would I gather for it?",Ehtiyojlarni baholash deganda nima nazarda tutiladi va buning uchun qanday maʼlumotlarni toplayman?,False,,0.5092658996582031,92
smoltalk_8,assistant,"A needs assessment is a systematic process of gathering and analyzing data to identify the gaps, needs, and priorities of a specific population, community, or issue. In the context of your non-profit organization, a needs assessment helps you understand the scope of the problem you're trying to address, the target population's characteristics, and the existing resources and services available to them.

To conduct a needs assessment, you'll gather information from various sources, including:

1. Secondary research: Review existing literature, reports, and data from reputable sources, such as government agencies, academic studies, and industry publications. This will provide a broad understanding of the issue and help you identify trends, patterns, and gaps in services.

2. Surveys and focus groups: Engage with your target population, either directly or through surveys and focus groups, to gather information about their experiences, challenges, and perceptions. This will help you understand their needs, preferences, and expectations.

3. Stakeholder interviews: Meet with key stakeholders, such as community leaders, service providers, and potential partners, to gain insights into the issue and the existing services and resources available.

4. Observational research: Conduct site visits, observations, or case studies to gain a deeper understanding of the issue and the context in which it exists.

The types of information you'll gather during a needs assessment may include:

- Demographic data about your target population, such as age, income, education level, and geographic location
- The prevalence and severity of the issue you're addressing
- Existing services and resources available to your target population
- Gaps in services or resources
- Barriers to accessing services or resources
- Perceptions and attitudes towards the issue and existing services
- Priorities and needs of your target population
- Potential partners and collaborators
- Funding opportunities and potential revenue streams

By gathering and analyzing this information, you'll be able to:

- Refine your mission and goals
- Develop targeted programs and services
- Identify potential partners and collaborators
- Create a strong case for funding and support
- Establish a baseline for evaluating the effectiveness of your programs and services

Remember, a needs assessment is an ongoing process, and you may need to revisit and update your findings as your organization evolves and the needs of your target population change.",,True,assistant_message,,
smoltalk_8,user,How do you select a name for the non-profit and obtain a trademark?,Nodavlat tashkilot uchun nomni qanday tanlaysiz va savdo belgisini qanday olasiz?,False,,0.2928340435028076,67
smoltalk_8,assistant,"Selecting a name for your non-profit organization is an important step in establishing your brand identity. Here's a step-by-step guide to help you choose a name and obtain a trademark:

**Choosing a Name:**

1. Brainstorm a list of potential names that reflect your mission, values, and purpose. Consider names that are memorable, easy to spell, and easy to pronounce.
2. Conduct a preliminary search to ensure the name isn't already in use by another organization. You can use online directories, such as the IRS's Exempt Organizations Business Master File (EOBMF) or the Secretary of State's database in your state, to search for existing non-profit organizations with similar names.
3. Check if the desired web domain and social media handles are available. This will help you ensure consistency across all your online platforms.
4. Narrow down your list to a few options and test them with your target audience, stakeholders, and potential donors to gather feedback.

**Obtaining a Trademark:**

1. Conduct a comprehensive trademark search: Once you've selected a name, conduct a thorough search of the United States Patent and Trademark Office's (USPTO) database to ensure the name doesn't infringe on an existing trademark. You can use the USPTO's Trademark Electronic Search System (TESS) database to search for similar trademarks.
2. Determine the type of trademark you need: Non-profit organizations typically file for a service mark (SM) rather than a trademark (TM), as they provide services rather than goods.
3. File a trademark application: If your search doesn't reveal any conflicting trademarks, you can file a trademark application with the USPTO. You'll need to provide:
	* The name and address of your organization
	* A clear description of the services you'll be providing
	* A specimen of the mark (e.g., a logo or wordmark)
	* The filing fee (currently $225-$675 per class of goods or services)
4. Wait for the USPTO to review your application: The review process typically takes 6-12 months. If your application is approved, your trademark will be published in the Official Gazette, and you'll have six months to respond to any oppositions.
5. Maintain your trademark: After your trademark is registered, you'll need to file periodic maintenance documents and fees to keep your registration active.

**Additional Considerations:**

* Register your trademark with the state: In addition to federal registration, you may also want to register your trademark with your state's Secretary of State office.
* Consider registering a DBA (Doing Business As) name: If your organization's name is different from its legal name, you may need to file a DBA registration with your state or local government.
* Use the TM or SM symbol: Until your trademark is registered, you can use the TM or SM symbol to indicate that you're claiming trademark rights. Once your trademark is registered, you can use the symbol.

Remember to consult with an attorney specializing in intellectual property law to ensure you're following the correct procedures and protecting your organization's brand identity.",,True,assistant_message,,
smoltalk_9,user,Adam had a farm with animals. He had 12 cows and twice as many sheep. He decided to buy 3 pigs for every sheep he had. How many animals were on the farm after the transaction?,Adamda hayvonlari boʻlgan ferma bor edi. Uning 12 ta sigiri va undan ikki barobar koʻp qoʻylari bor edi. U har bir qoʻyiga 3 ta choʻchqa sotib olishga qaror qildi. Sotib olishdan keyin fermada nechta hayvon qoldi?,False,,0.7304708957672119,175
smoltalk_9,assistant,"Adam had 12 cows.
He had twice as many sheep as cows, so he had 12 * 2 = 24 sheep.
He decided to buy 3 pigs for every sheep he had, so he bought 24 * 3 = 72 pigs.
In total, after the transaction, Adam had 12 cows + 24 sheep + 72 pigs = 108 animals on the farm.
#### 108
The answer is: 108",,True,assistant_message,,
smoltalk_10,user,"Emily,

It's fantastic to hear about the successful treatment of the infant's heat rash! I'm glad my advice was helpful, and I'm always happy to collaborate with a fellow pediatrician who shares my passion for addressing skin conditions in children.

I'm definitely still interested in working together on the heat rash prevention project. It's an important topic, and I believe our combined expertise can make a real difference.

Thank you for the warm invitation to meet up during my visit to your city. I'll be arriving on the 15th and staying until the 20th. I would love to take you up on your offer to show me around and sample some local cuisine. Perhaps we could meet on the 17th or 18th?

Please let me know which date works best for you, and I'll make the necessary arrangements. I'm looking forward to our collaboration and to exploring your beautiful city!

Best,
Michael","Emili,

Go'dakdagi issiqlik toshmasining muvaffaqiyatli davolangani haqida eshitishdan juda xursandman! Maslahatim foydali bo'lganidan mamnunman va bolalardagi teri kasalliklarini davolashga bo'lgan ishtiyoqimni baham ko'radigan hamkasb pediatr bilan hamkorlik qilishdan doimo xursandman.

Issiqlik toshmasining oldini olish loyihasi bo'yicha birgalikda ishlashga albatta qiziqaman. Bu muhim mavzu va menimcha, bizning qo'shma tajribamiz haqiqiy o'zgarishlarga olib kelishi mumkin.

Sizning shahringizga tashrifim chog'ida uchrashish uchun iliq taklifingiz uchun tashakkur. Men 15-kuni yetib kelaman va 20-kuni gacha qolaman. Menga shaharni ko'rsatish va mahalliy oshxonaning ba'zi taomlarini tatib ko'rish taklifingizni qabul qilishni istayman. Balki 17-yoki 18-kuni uchrashishimiz mumkin?

Iltimos, qaysi sana sizga eng qulay ekanligini bildiring, men esa kerakli tayyorgarlikni ko'raman. Hamkorligimizni va sizning go'zal shahringizni o'rganishni intiqlik bilan kutaman!

Hurmat bilan,
Michael",False,,2.0484209060668945,883
smoltalk_10,assistant,Michael is pleased about the successful treatment of the infant's heat rash and is keen to collaborate on a heat rash prevention project. He will be visiting the city from the 15th to the 20th and is interested in meeting up on the 17th or 18th to discuss the project and explore the city. Michael is looking forward to the collaboration and the opportunity to sample local cuisine.,,True,assistant_message,,
smoltalk_11,user,"Implement a Python function to convert a 32-bit unsigned integer into its 16-bit signed equivalent by extending the sign bit. Use bitwise operations, and do not use the `int` object's built-in `to_bytes` method.

Your code should pass the following test case:
```python
# Test cases
assert convert_to_16_bit_signed(0x00000000) == 0x0000
assert convert_to_16_bit_signed(0xFFFFFFFF) == 0xFFFF
assert convert_to_16_bit_signed(0x7FFFFFFF) == 0x7FFF
assert convert_to_16_bit_signed(0x80000000) == 0x8000
```",,True,filtered,,
smoltalk_11,assistant,"To convert a 32-bit unsigned integer to its 16-bit signed equivalent by extending the sign bit, we can use bitwise operations and masking. First, we need to extract the sign bit from the 32-bit unsigned integer by shifting it right by 31 bits and masking it with 1. Then, we can shift the 32-bit unsigned integer right by 16 bits to extract the 16 most significant bits. Finally, we can combine the sign bit and the 16 most significant bits to form the 16-bit signed equivalent.

Here is a Python function that implements this approach:

```python
def convert_to_16_bit_signed(num: int) -> int:
    sign_bit = (num >> 31) & 1
    most_significant_16_bits = num >> 16
    result = (sign_bit << 15) | most_significant_16_bits
    return result
```",,True,assistant_message,,
smoltalk_12,user,"This is an essay which needs to be edited. 
The experiment conducted by those researchers was to test whether honey bees was capable of learning when and where to go for food that was available for them only at certain times. The researchers did know that honey bees could learn and remember things like the colour of flowers but they wanted to know if they could learn and remember times of day also. They found out this by setting up experiments in which honey bees was visiting two feeding stations. One of the stations only had food at certain times of the day the other one had it always available. The honey bees discovered that the station that only had food at certain times only had food at certain times so they only visited it at those time but they visited the other station that had food always available whenever they felt like it. The result was that the bees was able to learn when to go to the station that only had food sometimes.


I have identified many grammatical errors in this essay including subject verb agreement errors, incorrect use of simple past and present tense and missing articles. I would like you to edit it.","Ushbu inshoni tahrirlash kerak.

Tadqiqotchilar tomonidan o'tkazilgan tajriba shundan iborat ediki, asalari、（asalari）ularga faqat ma'lum vaqtlarda mavjud bo'lgan oziqani qachon va qayerdan topishni o'rgana oladimi yoki yo'qmi degan savolga javob topish edi. Tadqiqotchilar asalari gullarning rangini eslab qolishi va o'rgana olmasligini bilishardi, ammo ular kunning vaqtini ham o'rgana oladimi yoki yo'qmi degan savolga javob topishni istashdi. Ular buni asalari ikkita oziqlantirish stantsiyasini ziyorat qiladigan tajribalar o'rnatish orqali aniqladilar. Stantsiyalardan birida faqat kunning ma'lum vaqtlarida oziq bo'lsa, ikkinchisida har doim oziq bo'lardi. Asalari faqat ma'lum vaqtlarda oziq bo'lgan stantsiyani faqat o'sha vaqtlarda ziyorat qilishni, har doim oziq bo'lgan stantsiyani esa istagan vaqtda ziyorat qilishni o'rganishdi. Natijada asalari faqat ba'zan oziq bo'lgan stantsiyaga qachon borishni o'rgana oldi.

Ushbu inshoda ko'plab grammatik xatolar, jumladan, fe'l va ega mos kelmasligi, sodda o'tgan va hozirgi zamonni noto'g'ri ishlatish va artikllarning etishmasligi kabi xatolarni aniqladim. Sizdan uni tahrirlashingizni so'rayman.",False,,2.047947883605957,1145
smoltalk_12,assistant,"Here's the edited essay with corrections for grammatical errors, including subject-verb agreement, tense consistency, and added articles for clarity:

The experiment conducted by the researchers was to test whether honey bees were capable of learning when and where to go for food that was available to them only at certain times. The researchers knew that honey bees could learn and remember things like the color of flowers, but they wanted to know if they could also learn and remember specific times of day. They found this out by setting up experiments in which honey bees visited two feeding stations. One of the stations had food available only at certain times of the day, while the other had it available always. The honey bees discovered that the station with limited food availability only had food at specific times, so they only visited it at those times; however, they visited the other station with constant food availability whenever they wanted. The result was that the bees were able to learn when to visit the station with limited food availability.

I made the following key changes:

- Corrected subject-verb agreement errors (e.g., ""honey bees was"" became ""honey bees were"")
- Maintained a consistent past tense throughout the essay
- Added articles (""the,"" ""a"") to improve clarity and sentence structure
- Changed some sentence structures to improve flow and readability
- Corrected minor errors in punctuation and wording for better coherence and grammatical accuracy.",,True,assistant_message,,
smoltalk_12,user,The honey bees discovered that the station that only had food at certain times only had food at certain times.,Asalari asalari ma'lum vaqtlarda ovqat oladigan stansiyada faqat ma'lum vaqtlarda ovqat bo'lishini kashf etishdi.,False,,0.32846999168395996,110
smoltalk_12,assistant,"That sentence is redundant and doesn't provide any new information. Here's a revised version of the essay with a more concise and informative sentence:

The experiment conducted by the researchers was to test whether honey bees were capable of learning when and where to go for food that was available to them only at certain times. The researchers knew that honey bees could learn and remember things like the color of flowers, but they wanted to know if they could also learn and remember specific times of day. They found this out by setting up experiments in which honey bees visited two feeding stations. One of the stations had food available only at certain times of the day, while the other had it available always. The honey bees learned to adjust their visits accordingly, visiting the limited station only during the times when food was available, while visiting the constantly stocked station at any time. The result was that the bees were able to learn when to visit the station with limited food availability.

I replaced the original sentence with a new one that conveys the outcome of the experiment more clearly and concisely.",,True,assistant_message,,
smoltalk_12,user,"I also want you to edit this text further to make it more concise and clear
The text has to convey that honeybees had ability to adjust and adapt to a schedule of finding food.
The essay is explaining an experiment that was intended to test honeybee ability to adjust and adapt to a schedule in search of food.

Bees visited limited food at the right time when food was there so that shows they had ability to learn the schedule of food availability in station with limited food option","Shuningdek, ushbu matnni yanada qisqa va tushunarli bo'lishi uchun tahrirlashingizni istayman.
Matn asalarilar oziq-ovqat topish jadvaliga moslasha oluvchi qobiliyatga ega ekanligini bildirmog'i kerak.
Insho asalariyalarning oziq-ovqat qidirish jadvaliga moslashish qobiliyatini tekshirishga qaratilgan tajribani tushuntiradi.
Aricheilar cheklangan oziq-ovqat manbalariga to'g'ri vaqtda tashrif buyurishgan, bu esa ularning cheklangan oziq-ovqat variantlari bo'lgan stansiyadagi oziq-ovqat mavjudligi jadvalini o'rganish qobiliyatiga ega ekanligini ko'rsatadi.",False,,0.9730098247528076,485
smoltalk_12,assistant,"Here's a revised version of the essay that conveys the main idea more concisely and clearly:

Researchers conducted an experiment to test whether honeybees could adapt to a schedule of finding food. The experiment involved two feeding stations: one with food available at all times, and another with food available only at specific times of the day. The honeybees learned to visit the limited station only during the designated times, while visiting the constantly stocked station at any time. This behavior demonstrates that honeybees are capable of learning and adapting to a schedule of food availability, adjusting their foraging activities to coincide with the times when food is available.

I made the following changes to improve clarity and concision:

- Removed unnecessary words and phrases to simplify the text
- Emphasized the main idea of the experiment and its outcome
- Used more precise language, such as ""adapt to a schedule"" and ""adjusting their foraging activities""
- Combined similar ideas into a single sentence to improve flow and coherence.",,True,assistant_message,,
smoltalk_13,user,"Given a sorted array arr[] of size n and a target value, write a Python function to find the first occurrence of the target in the array. If the target is not found, return -1.

Example:
Input: arr = [2, 5, 5, 5, 6, 6, 8, 9, 9, 9], target = 5
Output: 1

Input: arr = [2, 5, 5, 5, 6, 6, 8, 9, 9, 9], target = 3
Output: -1

Here is a Python function that uses binary search to solve the problem. However, the function has a bug and may not work correctly for certain inputs.

```python
def find_first_occurrence(arr, target):
    low, high = 0, len(arr) - 1
    while low <= high:
        mid = (low + high) // 2
        if arr[mid] == target:
            if mid == 0 or arr[mid - 1] != target:
                return mid
            high = mid - 1
        elif arr[mid] < target:
            low = mid + 1
        else:
            high = mid - 1
```

Can you find the bug in the function and fix it? Also, provide some example use cases.",,True,filtered,,
smoltalk_13,assistant,"The provided Python function is mostly correct but can be improved for clarity and to handle edge cases. The bug in the function is not actually a bug, but the variable names could be more descriptive, and the function could be modified to handle edge cases.

However, the function does not handle the case when the input array is empty. Here is the improved version of the function:

```python
def find_first_occurrence(arr, target):
    if not arr:
        return -1  # Return -1 for empty array

    left, right = 0, len(arr) - 1
    while left <= right:
        mid = left + (right - left) // 2
        if arr[mid] == target:
            if mid == 0 or arr[mid - 1] != target:
                return mid
            right = mid - 1
        elif arr[mid] < target:
            left = mid + 1
        else:
            right = mid - 1
    return -1  # Return -1 if the target is not found
```

Here are some example use cases for the function:

```python
# Example 1:
arr = [2, 5, 5, 5, 6, 6, 8, 9, 9, 9]
target = 5
print(find_first_occurrence(arr, target))  # Output: 1

# Example 2:
arr = [2, 5, 5, 5, 6, 6, 8, 9, 9, 9]
target = 3
print(find_first_occurrence(arr, target))  # Output: -1

# Example 3:
arr = []
target = 5
print(find_first_occurrence(arr, target))  # Output: -1

# Example 4:
arr = [5, 5, 5, 5, 5]
target = 5
print(find_first_occurrence(arr, target))  # Output: 0
```

The improved function handles the edge case of an empty array and provides more descriptive variable names for better readability. The time complexity of the function remains O(log n) due to the binary search approach.",,True,assistant_message,,
smoltalk_13,user,"Provide a more formal definition of the problem.

**Problem:** Given a sorted array of integers and a target value, find the index of the first occurrence of the target value in the array.

**Input:** A sorted array of integers `arr` and a target integer `target`.

**Output:** The index of the first occurrence of `target` in `arr` if it exists, otherwise `-1`.

**Constraints:**

1. The array `arr` is sorted in ascending order.
2. The array `arr` may contain duplicate elements.
3. The array `arr` may be empty.

**Examples:**

*   `arr = [2, 5, 5, 5, 6, 6, 8, 9, 9, 9], target = 5`, output: `1`
*   `arr = [2, 5, 5, 5, 6, 6, 8, 9, 9, 9], target = 3`, output: `-1`
*   `arr = [], target = 5`, output: `-1`
*   `arr = [5, 5, 5, 5, 5], target = 5`, output: `0`","Masalani yanada rasmiyroq ta'riflang.

**Masala:** Tartiblangan butun sonlar massivi va maqsad qiymat berilgan bo'lsa, maqsad qiymatning massivdagi birinchi uchraydigan indeksini toping.

**Kirish:** Tartiblangan butun sonlar massivi `arr` va maqsad butun son `target`.

**Chiqish:** Agar `target` `arr` massivida mavjud bo'lsa, uning birinchi uchraydigan indeksi, aks holda `-1`.

**Cheklovlar:**

1. `arr` massivi o'suv tartibida saralangan.
2. `arr` massivi takrorlanuvchi elementlarga ega bo'lishi mumkin.
3. `arr` massivi bo'sh bo'lishi mumkin.

**Misollar:**

*   `arr = [2, 5, 5, 5, 6, 6, 8, 9, 9, 9], target = 5`, natija: `1`
*   `arr = [2, 5, 5, 5, 6, 6, 8, 9, 9, 9], target = 3`, natija: `-1`
*   `arr = [], target = 5`, natija: `-1`
*   `arr = [5, 5, 5, 5, 5], target = 5`, natija: `0`",False,,1.3308281898498535,761
smoltalk_13,assistant,"Here is a formal definition of the problem:

**Problem Name:** First Occurrence in a Sorted Array

**Problem Statement:** Given a sorted array of integers and a target value, find the index of the first occurrence of the target value in the array.

**Formal Definition:**

Let `arr` be a sorted array of integers, and let `target` be an integer. The goal is to find the smallest index `i` such that `arr[i] = target`, if such an index exists. If no such index exists, return `-1`.

**Mathematical Formulation:**

Let `n` be the length of `arr`. The problem can be formalized as:

Find the smallest `i ∈ [0, n-1]` such that `arr[i] = target`, if such an `i` exists. Otherwise, return `-1`.

**Input Space:**

*   `arr`: A sorted array of integers.
*   `target`: An integer.

**Output Space:**

*   The index of the first occurrence of `target` in `arr`, if it exists.
*   `-1` otherwise.

**Constraints:**

1.  The array `arr` is sorted in ascending order.
2.  The array `arr` may contain duplicate elements.
3.  The array `arr` may be empty.

**Examples:**

*   `arr = [2, 5, 5, 5, 6, 6, 8, 9, 9, 9], target = 5`, output: `1`
*   `arr = [2, 5, 5, 5, 6, 6, 8, 9, 9, 9], target = 3`, output: `-1`
*   `arr = [], target = 5`, output: `-1`
*   `arr = [5, 5, 5, 5, 5], target = 5`, output: `0`

This formal definition provides a clear and concise statement of the problem, including the input and output spaces, constraints, and examples. It also provides a mathematical formulation of the problem, which can be useful for developing and analyzing algorithms.",,True,assistant_message,,
smoltalk_13,user,"You are required to write a function in Python that returns the index of the first occurrence of a target value within a sorted array. If the target value is not present, the function should return -1.

Here are some key points to consider when implementing this function:

1.  The input array is sorted in ascending order.
2.  The array may contain duplicate elements.
3.  The array may be empty.

Here's an example use case for this function:

```python
arr = [2, 5, 5, 5, 6, 6, 8, 9, 9, 9]
target = 5

result = find_first_occurrence(arr, target)

if result != -1:
    print(f""The first occurrence of {target} is at index {result}."")
else:
    print(f""{target} is not present in the array."")
```

To solve this problem efficiently, you can utilize a modified binary search algorithm. This approach takes advantage of the fact that the input array is sorted, allowing for a faster search.

Here's an outline of the steps you can follow:

1.  Initialize two pointers, `left` and `right`, to the start and end of the array, respectively.
2.  Calculate the middle index, `mid`, using the average of `left` and `right`.
3.  Compare the middle element to the target value.
4.  If the middle element matches the target, update the `right` pointer to `mid - 1` to continue searching for the first occurrence on the left side.
5.  If the middle element is less than the target, update the `left` pointer to `mid + 1` to search on the right side.
6.  If the middle element is greater than the target, update the `right` pointer to `mid - 1` to search on the left side.
7.  Repeat steps 2-6 until `left` is greater than `right`.
8.  If the target is found, return the index of the first occurrence. Otherwise, return -1.

By following these steps, you can efficiently find the index of the first occurrence of a target value within a sorted array.

Here's the Python function that implements the modified binary search algorithm:

```python
def find_first_occurrence(arr, target):
    left, right = 0, len(arr) - 1
    result = -1

    while left <= right:
        mid = (left + right) // 2

        if arr[mid] == target:
            result = mid
            right = mid - 1
        elif arr[mid] < target:
            left = mid + 1
        else:
            right = mid - 1

    return result
```

With this implementation, you can efficiently find the index of the first occurrence of a target value within a sorted array. The time complexity of this function is O(log n), where n is the number of elements in the array.

Here are some example use cases for the `find_first_occurrence` function:

```python
# Example 1:
arr = [2, 5, 5, 5, 6, 6, 8, 9, 9, 9]
target = 5
print(find_first_occurrence(arr, target))  # Output: 1

# Example 2:
arr = [2, 5, 5, 5, 6, 6, 8, 9, 9, 9]
target = 3
print(find_first_occurrence(arr, target))  # Output: -1

# Example 3:
arr = []
target = 5
print(find_first_occurrence(arr, target))  # Output: -1

# Example 4:
arr = [5, 5, 5, 5, 5]
target = 5
print(find_first_occurrence(arr, target))  # Output: 0
```

These examples demonstrate how the `find_first_occurrence` function can be used to find the index of the first occurrence of a target value within a sorted array.

In summary, the `find_first_occurrence` function uses a modified binary search algorithm to efficiently find the index of the first occurrence of a target value within a sorted array. The function has a time complexity of O(log n) and can handle arrays with duplicate elements and empty arrays.",,True,filtered,,
smoltalk_13,assistant,"Here is the modified code as per your requirements:

```python
def find_first_occurrence(arr, target):
    """"""
    This function returns the index of the first occurrence of a target value within a sorted array.
    
    Args:
        arr (list): A sorted list of integers.
        target (int): The target value to be searched.
    
    Returns:
        int: The index of the first occurrence of the target value if found, -1 otherwise.
    """"""

    # Check if the array is empty
    if not arr:
        return -1

    left, right = 0, len(arr) - 1
    result = -1

    while left <= right:
        # Calculate the middle index
        mid = (left + right) // 2

        # If the middle element matches the target, update the result and move the right pointer
        if arr[mid] == target:
            result = mid
            right = mid - 1
        # If the middle element is less than the target, move the left pointer
        elif arr[mid] < target:
            left = mid + 1
        # If the middle element is greater than the target, move the right pointer
        else:
            right = mid - 1

    return result


# Example usage:
arr = [2, 5, 5, 5, 6, 6, 8, 9, 9, 9]
target = 5

result = find_first_occurrence(arr, target)

if result != -1:
    print(f""The first occurrence of {target} is at index {result}."")
else:
    print(f""{target} is not present in the array."")


# Additional example use cases:
# Example 1:
arr = [2, 5, 5, 5, 6, 6, 8, 9, 9, 9]
target = 5
print(find_first_occurrence(arr, target))  # Output: 1

# Example 2:
arr = [2, 5, 5, 5, 6, 6, 8, 9, 9, 9]
target = 3
print(find_first_occurrence(arr, target))  # Output: -1

# Example 3:
arr = []
target = 5
print(find_first_occurrence(arr, target))  # Output: -1

# Example 4:
arr = [5, 5, 5, 5, 5]
target = 5
print(find_first_occurrence(arr, target))  # Output: 0
```",,True,assistant_message,,
smoltalk_14,user,"How do you get the index from a for...of loop in JavaScript, like for i, v in enumerate(list) in Python? 

```javascript
let fruits = ['apple', 'banana', 'cherry'];
for (const fruit of fruits) {
  console.log(fruit);
}
```",,True,filtered,,
smoltalk_14,assistant,"You can use the `entries()` method of the array to get both the index and the value in a `for...of` loop. Here's an example:

```javascript
let fruits = ['apple', 'banana', 'cherry'];
for (const [index, fruit] of fruits.entries()) {
  console.log(index, fruit);
}
```

The `entries()` method returns an iterator over the array's key-value pairs, where the key is the index and the value is the element at that index. By using destructuring assignment (`[index, fruit]`), you can easily access both the index and the value inside the loop.

Alternatively, you can use the `forEach()` method, which also provides the index as the second argument to the callback function:

```javascript
let fruits = ['apple', 'banana', 'cherry'];
fruits.forEach((fruit, index) => {
  console.log(index, fruit);
});
```",,True,assistant_message,,
smoltalk_14,user,"Implement a binary search algorithm for searching an element in a sorted array.

```javascript
let arr = [2, 5, 8, 12, 16, 23, 38, 56, 72, 91];
let searchElement = 23;
```",,True,filtered,,
smoltalk_14,assistant,"Here's a JavaScript implementation of a binary search algorithm:

```javascript
function binarySearch(arr, searchElement) {
  let left = 0;
  let right = arr.length - 1;

  while (left <= right) {
    let mid = Math.floor((left + right) / 2);

    if (arr[mid] === searchElement) {
      return mid;
    } else if (arr[mid] < searchElement) {
      left = mid + 1;
    } else {
      right = mid - 1;
    }
  }

  return -1; // Element not found
}

let arr = [2, 5, 8, 12, 16, 23, 38, 56, 72, 91];
let searchElement = 23;
let index = binarySearch(arr, searchElement);

if (index !== -1) {
  console.log(`Element found at index ${index}`);
} else {
  console.log('Element not found');
}
```

In this implementation, we start with two pointers, `left` and `right`, representing the range of the array to search. We calculate the middle index, `mid`, and compare the element at that index with the `searchElement`. If they match, we return the index. If the element at `mid` is less than the `searchElement`, we move the `left` pointer to `mid + 1`. Otherwise, we move the `right` pointer to `mid - 1`. We repeat this process until we find the `searchElement` or the `left` pointer exceeds the `right` pointer, indicating that the element is not in the array.",,True,assistant_message,,
smoltalk_14,user,"Implement a function to find the middle element(s) of a singly linked list.

```javascript
class Node {
  constructor(data) {
    this.data = data;
    this.next = null;
  }
}

class LinkedList {
  constructor() {
    this.head = null;
  }

  append(data) {
    const newNode = new Node(data);
    if (!this.head) {
      this.head = newNode;
      return;
    }

    let current = this.head;
    while (current.next) {
      current = current.next;
    }

    current.next = newNode;
  }
}

const list = new LinkedList();
list.append(1);
list.append(2);
list.append(3);
list.append(4);
list.append(5);
```

Implement the `findMiddle` method to return the middle element(s) of the linked list.

```javascript
LinkedList.prototype.findMiddle = function () {
  // Implement the logic to find the middle element(s)
}
```",,True,filtered,,
smoltalk_14,assistant,"Here's the implementation of the `findMiddle` method:

```javascript
LinkedList.prototype.findMiddle = function () {
  let slow = this.head;
  let fast = this.head;

  while (fast && fast.next) {
    slow = slow.next;
    fast = fast.next.next;
  }

  // If the list has an odd number of elements, return the middle element
  if (!fast) {
    return [slow.data];
  }

  // If the list has an even number of elements, return the two middle elements
  return [slow.data, slow.next.data];
}
```

This implementation uses the slow and fast pointer technique. The `slow` pointer moves one step at a time, while the `fast` pointer moves two steps at a time. When the `fast` pointer reaches the end of the list, the `slow` pointer will be at the middle of the list.

However, this approach doesn't work perfectly for lists with an even number of elements, as the `slow` pointer will be at the second middle element. To fix this, we can return both the `slow` element and the previous element when the list has an even number of elements.

Here's the updated implementation that handles this case correctly:

```javascript
LinkedList.prototype.findMiddle = function () {
  let slow = this.head;
  let fast = this.head;
  let prevSlow = null;

  while (fast && fast.next) {
    prevSlow = slow;
    slow = slow.next;
    fast = fast.next.next;
  }

  // If the list has an odd number of elements, return the middle element
  if (!fast) {
    return [slow.data];
  }

  // If the list has an even number of elements, return the two middle elements
  return [prevSlow.data, slow.data];
}
```

With this implementation, you can now call the `findMiddle` method to get the middle element(s) of the linked list:

```javascript
const middleElements = list.findMiddle();
console.log(middleElements); // Output: [3]
```

If you add another element to the list, you'll get the two middle elements:

```javascript
list.append(6);
const middleElements = list.findMiddle();
console.log(middleElements); // Output: [3, 4]
```",,True,assistant_message,,
smoltalk_15,user,"Write a formatted piece of code that goes along with the following description of an item and the description of the formatted piece of code.
Item description: 
The item is a board game called 'Tournament of champions'. the game is played on a large gameboard with various game pieces that are moved around the board according to dice rolls. The game pieces are shaped differently to represent distinct characters. Each character has special abilities as players roll dice to determine which actions they can take and when.

Description of the formatted piece of code:
The code is a class definition for the characters in the board game 'Tournament of Champions'. The class is named 'Champion'. The class has a constructor method and four other methods: 'rollDice', 'move', 'applyAbility', and '__str__'.  

```python
# Define a class named 'Champion'
class Champion:
    # Constructor method to initialize character attributes
    def __init__(self, name, ability, position=0):
        self.name = name
        self.ability = ability
        self.position = position

    # Method to roll a dice and return the result
    def rollDice(self):
        import random
        return random.randint(1, 6)

    # Method to move the character on the board
    def move(self):
        roll = self.rollDice()
        self.position += roll
        return roll

    # Method to apply the character's special ability
    def applyAbility(self):
        # By default, the ability has no effect
        pass

    # Method to return a string representation of the character
    def __str__(self):
        return f'{self.name} at position {self.position}'

# Create subclasses for specific characters
class Warrior(Champion):
    def __init__(self, name):
        super().__init__(name, 'Strength')

    def applyAbility(self):
        # Move an extra space when using the 'Strength' ability
        self.position += 1

class Mage(Champion):
    def __init__(self, name):
        super().__init__(name, 'Intelligence')

    def applyAbility(self):
        # Roll an extra dice and move according to the total result
        roll = self.rollDice()
        self.position += roll
```

Here is a list explaining key areas of the code.

1)  The `Champion` class defines the base attributes and behaviors of a character in the game.
2)  The `__init__` method initializes a character with a name, ability, and starting position.
3)  The `rollDice` method simulates a dice roll, returning a random number between 1 and 6.
4)  The `move` method rolls a dice and updates the character's position on the board.
5)  The `applyAbility` method is a placeholder for the character's special ability.
6)  The `__str__` method returns a string representation of the character, showing their name and position.
7)  The `Warrior` and `Mage` classes inherit from the `Champion` class and implement their own `applyAbility` methods, providing unique behaviors for each character type.

With this explanation and code, you can create characters and simulate their movements and abilities in the 'Tournament of Champions' game.",,True,filtered,,
smoltalk_15,assistant,"The provided code is a solid foundation for creating characters in the 'Tournament of Champions' game. Here's a revised version with some additions to make it more comprehensive and user-friendly:

```python
import random

# Define a class named 'Champion'
class Champion:
    # Constructor method to initialize character attributes
    def __init__(self, name, ability, position=0):
        self.name = name
        self.ability = ability
        self.position = position

    # Method to roll a dice and return the result
    def rollDice(self):
        return random.randint(1, 6)

    # Method to move the character on the board
    def move(self):
        roll = self.rollDice()
        self.position += roll
        return roll

    # Method to apply the character's special ability
    def applyAbility(self):
        # By default, the ability has no effect
        pass

    # Method to return a string representation of the character
    def __str__(self):
        return f'{self.name} at position {self.position}'

# Create subclasses for specific characters
class Warrior(Champion):
    def __init__(self, name):
        super().__init__(name, 'Strength')

    def applyAbility(self):
        # Move an extra space when using the 'Strength' ability
        self.position += 1

class Mage(Champion):
    def __init__(self, name):
        super().__init__(name, 'Intelligence')

    def applyAbility(self):
        # Roll an extra dice and move according to the total result
        roll = self.rollDice()
        self.position += roll

class Rogue(Champion):
    def __init__(self, name):
        super().__init__(name, 'Stealth')

    def applyAbility(self):
        # Move back three spaces when using the 'Stealth' ability
        self.position -= 3
        if self.position < 0:
            self.position = 0

# Example usage
warrior = Warrior('Aragorn')
mage = Mage('Gandalf')
rogue = Rogue('Legolas')

print(warrior)
print(mage)
print(rogue)

warrior.move()
mage.move()
rogue.move()

print(warrior)
print(mage)
print(rogue)

warrior.applyAbility()
mage.applyAbility()
rogue.applyAbility()

print(warrior)
print(mage)
print(rogue)
```

In this revised code, I added a new character class called `Rogue` with its own `applyAbility` method, which moves the character back three spaces when used. The example usage demonstrates how to create instances of each character class, move them on the board, and apply their special abilities.

**Key Changes and Improvements:**

1.  Added a new `Rogue` character class with its own `applyAbility` method.
2.  Updated the `applyAbility` method in the `Warrior` class to move an extra space when used.
3.  Improved the example usage to demonstrate how to create instances of each character class and use their methods.

With this revised code, you can create more diverse characters and simulate their movements and abilities in the 'Tournament of Champions' game.",,True,assistant_message,,
smoltalk_15,user,"Write a formatted piece of code based on the description of the following formatted piece of code.

Description of the formatted piece of code:
The code is for a rock paper scissors game, where two players compete against each other, or one player competes against the computer. This code allows players to choose their game mode (vs player or vs computer) and input their moves. The code will determine the winner of each round and keep track of the overall score.

```python
import random

# Function to determine the winner of a round
def determine_winner(player1_move, player2_move):
    if player1_move == player2_move:
        return ""Tie""
    elif (player1_move == ""Rock"" and player2_move == ""Scissors"") or \
         (player1_move == ""Scissors"" and player2_move == ""Paper"") or \
         (player1_move == ""Paper"" and player2_move == ""Rock""):
        return ""Player 1""
    else:
        return ""Player 2""

# Function to get the computer's move
def get_computer_move():
    moves = [""Rock"", ""Paper"", ""Scissors""]
    return random.choice(moves)

# Main function to play the game
def play_game():
    print(""Welcome to Rock Paper Scissors!"")
    print(""Choose your game mode:"")
    print(""1. Vs Player"")
    print(""2. Vs Computer"")
    game_mode = input(""Enter your choice (1/2): "")

    player1_score = 0
    player2_score = 0

    if game_mode == ""1"":
        while True:
            player1_move = input(""Player 1, enter your move (Rock/Paper/Scissors): "").capitalize()
            player2_move = input(""Player 2, enter your move (Rock/Paper/Scissors): "").capitalize()

            if player1_move not in [""Rock"", ""Paper"", ""Scissors""] or player2_move not in [""Rock"", ""Paper"", ""Scissors""]:
                print(""Invalid move. Please try again."")
                continue

            winner = determine_winner(player1_move, player2_move)
            print(f""{player1_move} vs {player2_move}. Winner: {winner}"")

            if winner == ""Player 1"":
                player1_score += 1
            elif winner == ""Player 2"":
                player2_score += 1

            print(f""Score - Player 1: {player1_score}, Player 2: {player2_score}"")

            play_again = input(""Do you want to play again? (yes/no): "")
            if play_again.lower() != ""yes"":
                break

    elif game_mode == ""2"":
        while True:
            player1_move = input(""Enter your move (Rock/Paper/Scissors): "").capitalize()
            player2_move = get_computer_move()

            if player1_move not in [""Rock"", ""Paper"", ""Scissors""]:
                print(""Invalid move. Please try again."")
                continue

            winner = determine_winner(player1_move, player2_move)
            print(f""{player1_move} vs {player2_move}. Winner: {winner}"")

            if winner == ""Player 1"":
                player1_score += 1
            elif winner == ""Player 2"":
                player2_score += 1

            print(f""Score - Player 1: {player1_score}, Computer: {player2_score}"")

            play_again = input(""Do you want to play again? (yes/no): "")
            if play_again.lower() != ""yes"":
                break

    else:
        print(""Invalid game mode. Please try again."")

# Call the main function to start the game
play_game()
```

Here is a list explaining key areas of the code.

1)  The `determine_winner` function determines the winner of a round based on the moves of the two players.
2)  The `get_computer_move` function generates a random move for the computer.
3)  The `play_game` function is the main function that controls the flow of the game.
4)  The game mode is selected by the user, and the game continues until the user decides to stop.
5)  The score is kept track of and displayed after each round.

With this explanation and code, you can create a rock paper scissors game where two players can compete against each other or one player can compete against the computer.",,True,filtered,,
smoltalk_15,assistant,"The provided code is a solid foundation for a rock paper scissors game. Here's a revised version with some improvements to make it more comprehensive and user-friendly:

```python
import random

# Function to determine the winner of a round
def determine_winner(player1_move, player2_move):
    if player1_move == player2_move:
        return ""Tie""
    elif (player1_move == ""Rock"" and player2_move == ""Scissors"") or \
         (player1_move == ""Scissors"" and player2_move == ""Paper"") or \
         (player1_move == ""Paper"" and player2_move == ""Rock""):
        return ""Player 1""
    else:
        return ""Player 2""

# Function to get the computer's move
def get_computer_move():
    moves = [""Rock"", ""Paper"", ""Scissors""]
    return random.choice(moves)

# Function to display the game menu
def display_menu():
    print(""Welcome to Rock Paper Scissors!"")
    print(""Choose your game mode:"")
    print(""1. Vs Player"")
    print(""2. Vs Computer"")
    print(""3. Quit"")

# Main function to play the game
def play_game():
    player1_score = 0
    player2_score = 0

    while True:
        display_menu()
        game_mode = input(""Enter your choice (1/2/3): "")

        if game_mode == ""1"":
            while True:
                player1_move = input(""Player 1, enter your move (Rock/Paper/Scissors): "").capitalize()
                player2_move = input(""Player 2, enter your move (Rock/Paper/Scissors): "").capitalize()

                if player1_move not in [""Rock"", ""Paper"", ""Scissors""] or player2_move not in [""Rock"", ""Paper"", ""Scissors""]:
                    print(""Invalid move. Please try again."")
                    continue

                winner = determine_winner(player1_move, player2_move)
                print(f""{player1_move} vs {player2_move}. Winner: {winner}"")

                if winner == ""Player 1"":
                    player1_score += 1
                elif winner == ""Player 2"":
                    player2_score += 1

                print(f""Score - Player 1: {player1_score}, Player 2: {player2_score}"")

                play_again = input(""Do you want to play again? (yes/no): "")
                if play_again.lower() != ""yes"":
                    break

        elif game_mode == ""2"":
            while True:
                player1_move = input(""Enter your move (Rock/Paper/Scissors): "").capitalize()
                player2_move = get_computer_move()

                if player1_move not in [""Rock"", ""Paper"", ""Scissors""]:
                    print(""Invalid move. Please try again."")
                    continue

                winner = determine_winner(player1_move, player2_move)
                print(f""{player1_move} vs {player2_move}. Winner: {winner}"")

                if winner == ""Player 1"":
                    player1_score += 1
                elif winner == ""Player 2"":
                    player2_score += 1

                print(f""Score - Player 1: {player1_score}, Computer: {player2_score}"")

                play_again = input(""Do you want to play again? (yes/no): "")
                if play_again.lower() != ""yes"":
                    break

        elif game_mode == ""3"":
            print(""Thank you for playing!"")
            break

        else:
            print(""Invalid game mode. Please try again."")

# Call the main function to start the game
play_game()
```

In this revised code, I made the following changes:

1.  Added a `display_menu` function to display the game menu.
2.  Improved the main `play_game` function to use a while loop to continue playing until the user chooses to quit.
3.  Added a ""Quit"" option to the game menu.
4.  Improved the input validation for the game mode and player moves.
5.  Improved the scoring system to keep track of the scores across multiple rounds.

With this revised code, you can create a more comprehensive and user-friendly rock paper scissors game where two players can compete against each other or one player can compete against the computer.",,True,assistant_message,,
smoltalk_15,user,"Write a formatted piece of code based on the description of the following formatted piece of code.

Description of the formatted piece of code:
The code is for a simple banking system that allows users to create accounts, deposit money, withdraw money, and check their balance. The code uses a dictionary to store the account information, where the account number is the key and the account balance is the value.

```python
# Dictionary to store account information
accounts = {}

# Function to create a new account
def create_account(account_number, initial_balance):
    if account_number in accounts:
        print(""Account already exists."")
    else:
        accounts[account_number] = initial_balance
        print(""Account created successfully."")

# Function to deposit money into an account
def deposit(account_number, amount):
    if account_number not in accounts:
        print(""Account does not exist."")
    else:
        accounts[account_number] += amount
        print(""Deposit successful."")

# Function to withdraw money from an account
def withdraw(account_number, amount):
    if account_number not in accounts:
        print(""Account does not exist."")
    elif accounts[account_number] < amount:
        print(""Insufficient balance."")
    else:
        accounts[account_number] -= amount
        print(""Withdrawal successful."")

# Function to check the balance of an account
def check_balance(account_number):
    if account_number not in accounts:
        print(""Account does not exist."")
    else:
        print(f""Account balance: {accounts[account_number]}"")

# Main function to interact with the banking system
def main():
    while True:
        print(""Welcome to the banking system!"")
        print(""1. Create account"")
        print(""2. Deposit money"")
        print(""3. Withdraw money"")
        print(""4. Check balance"")
        print(""5. Quit"")
        choice = input(""Enter your choice: "")

        if choice == ""1"":
            account_number = input(""Enter account number: "")
            initial_balance = float(input(""Enter initial balance: ""))
            create_account(account_number, initial_balance)
        elif choice == ""2"":
            account_number = input(""Enter account number: "")
            amount = float(input(""Enter amount to deposit: ""))
            deposit(account_number, amount)
        elif choice == ""3"":
            account_number = input(""Enter account number: "")
            amount = float(input(""Enter amount to withdraw: ""))
            withdraw(account_number, amount)
        elif choice == ""4"":
            account_number = input(""Enter account number: "")
            check_balance(account_number)
        elif choice == ""5"":
            print(""Thank you for using the banking system!"")
            break
        else:
            print(""Invalid choice. Please try again."")

# Call the main function to start the banking system
main()
```

Here is a list explaining key areas of the code.

1)  The `create_account` function creates a new account with the given account number and initial balance.
2)  The `deposit` function deposits the given amount into the specified account.
3)  The `withdraw` function withdraws the given amount from the specified account if the balance is sufficient.
4)  The `check_balance` function displays the balance of the specified account.
5)  The `main` function provides a menu-driven interface to interact with the banking system.

With this explanation and code, you can create a simple banking system that allows users to create accounts, deposit money, withdraw money, and check their balance.

Now write a formatted piece of code based on the above description. Here is the description of the formatted piece of code:
The code is for an updated banking system that includes the following features: transaction history and user authentication. The code uses a dictionary to store the account information, where the account number is the key and the account balance and transaction history are the values.

```python
class BankingSystem:
    def __init__(self):
        self.accounts = {}

    # Function to create a new account
    def create_account(self, account_number, initial_balance, password):
        if account_number in self.accounts:
            print(""Account already exists."")
        else:
            self.accounts[account_number] = {""balance"": initial_balance, ""password"": password, ""transaction_history"": []}
            print(""Account created successfully."")

    # Function to deposit money into an account
    def deposit(self, account_number, amount, password):
        if account_number not in self.accounts:
            print(""Account does not exist."")
        elif self.accounts[account_number][""password""] != password:
            print(""Invalid password."")
        else:
            self.accounts[account_number][""balance""] += amount
            self.accounts[account_number][""transaction_history""].append(f""Deposit: {amount}"")
            print(""Deposit successful."")

    # Function to withdraw money from an account
    def withdraw(self, account_number, amount, password):
        if account_number not in self.accounts:
            print(""Account does not exist."")
        elif self.accounts[account_number][""password""] != password",,True,filtered,,
smoltalk_15,assistant,"Here is the updated code with the added features of transaction history and user authentication:

```python
class BankingSystem:
    def __init__(self):
        self.accounts = {}

    # Function to create a new account
    def create_account(self, account_number, initial_balance, password):
        if account_number in self.accounts:
            print(""Account already exists."")
        else:
            self.accounts[account_number] = {""balance"": initial_balance, ""password"": password, ""transaction_history"": []}
            print(""Account created successfully."")

    # Function to deposit money into an account
    def deposit(self, account_number, amount, password):
        if account_number not in self.accounts:
            print(""Account does not exist."")
        elif self.accounts[account_number][""password""] != password:
            print(""Invalid password."")
        else:
            self.accounts[account_number][""balance""] += amount
            self.accounts[account_number][""transaction_history""].append(f""Deposit: {amount}"")
            print(""Deposit successful."")

    # Function to withdraw money from an account
    def withdraw(self, account_number, amount, password):
        if account_number not in self.accounts:
            print(""Account does not exist."")
        elif self.accounts[account_number][""password""] != password:
            print(""Invalid password."")
        elif self.accounts[account_number][""balance""] < amount:
            print(""Insufficient balance."")
        else:
            self.accounts[account_number][""balance""] -= amount
            self.accounts[account_number][""transaction_history""].append(f""Withdrawal: {amount}"")
            print(""Withdrawal successful."")

    # Function to check the balance of an account
    def check_balance(self, account_number, password):
        if account_number not in self.accounts:
            print(""Account does not exist."")
        elif self.accounts[account_number][""password""] != password:
            print(""Invalid password."")
        else:
            print(f""Account balance: {self.accounts[account_number]['balance']}"")

    # Function to display the transaction history of an account
    def transaction_history(self, account_number, password):
        if account_number not in self.accounts:
            print(""Account does not exist."")
        elif self.accounts[account_number][""password""] != password:
            print(""Invalid password."")
        else:
            print(""Transaction History:"")
            for transaction in self.accounts[account_number][""transaction_history""]:
                print(transaction)

    # Main function to interact with the banking system
    def main(self):
        while True:
            print(""Welcome to the banking system!"")
            print(""1. Create account"")
            print(""2. Deposit money"")
            print(""3. Withdraw money"")
            print(""4. Check balance"")
            print(""5. Transaction history"")
            print(""6. Quit"")
            choice = input(""Enter your choice: "")

            if choice == ""1"":
                account_number = input(""Enter account number: "")
                initial_balance = float(input(""Enter initial balance: ""))
                password = input(""Enter password: "")
                self.create_account(account_number, initial_balance, password)
            elif choice == ""2"":
                account_number = input(""Enter account number: "")
                amount = float(input(""Enter amount to deposit: ""))
                password = input(""Enter password: "")
                self.deposit(account_number, amount, password)
            elif choice == ""3"":
                account_number = input(""Enter account number: "")
                amount = float(input(""Enter amount to withdraw: ""))
                password = input(""Enter password: "")
                self.withdraw(account_number, amount, password)
            elif choice == ""4"":
                account_number = input(""Enter account number: "")
                password = input(""Enter password: "")
                self.check_balance(account_number, password)
            elif choice == ""5"":
                account_number = input(""Enter account number: "")
                password = input(""Enter password: "")
                self.transaction_history(account_number, password)
            elif choice == ""6"":
                print(""Thank you for using the banking system!"")
                break
            else:
                print(""Invalid choice. Please try again."")

# Create an instance of the BankingSystem class and call the main method
banking_system = BankingSystem()
banking_system.main()
```

In this updated code, I added the following features:

1.  User authentication: Each account has a password associated with it, and users must enter the correct password to access their account.
2.  Transaction history: Each account has a transaction history that records all deposits and withdrawals made on the account.
3.  I also modified the `create_account`, `deposit`, `withdraw`, `check_balance`, and `transaction_history` methods to accommodate the new features.
4.  I added a new method called `transaction_history` to display the transaction history of an account.

With these updates, the banking system is now more secure and provides users with a record of their transactions.",,True,assistant_message,,
smoltalk_16,user,"I'm trying to set up voiceover functionality on my iPhone, but I'm not sure where to start. Can you guide me through the process?","Men iPhone'imda ovozli boshqaruv funksiyasini sozlamoqchiman, lekin qayerdan boshlashni bilmayapman. Shu jarayonda menga yo'l-yo'riq ko'rsata olasizmi?",False,,0.5339751243591309,129
smoltalk_16,assistant,"Of course, even as a vampire, technology can be a bit of a challenge sometimes. Here's how to enable VoiceOver on your iPhone:

1. Open the 'Settings' app. It's typically found on the home screen.

2. Scroll down and tap 'Accessibility'. This is in the third group of options.

3. Tap 'VoiceOver' in the 'Vision' category.

4. Tap the 'VoiceOver' switch to toggle it on. You'll see a pop-up warning that VoiceOver changes the way you interact with your device. 

5. Tap 'Enable' to confirm that you want to turn VoiceOver on. 

You'll now hear a description of everything you touch on the screen. To select an item, you'll need to double-tap it rather than just tapping it once. To scroll, you'll need to use three fingers instead of one. 

Remember, you can turn off VoiceOver at any time by going back to the VoiceOver settings and toggling the switch off. If you're finding the new navigation gestures difficult, you might want to turn VoiceOver off until you're ready to practice some more. 

Hope this helps in your journey to mastering modern technology!",,True,assistant_message,,
smoltalk_16,user,"Can you guide me on how to turn off the VoiceOver function, just in case I need to?","Agar kerak bo'lsa, VoiceOver funksiyasini qanday o'chirishni menga yo'naltira olasizmi?",False,,0.5102002620697021,83
smoltalk_16,assistant,"Absolutely, turning off VoiceOver is just as easy as turning it on. Here's how:

1. Open the 'Settings' app.

2. Scroll down and tap 'Accessibility'.

3. Tap 'VoiceOver' in the 'Vision' category.

4. Tap the 'VoiceOver' switch to toggle it off.

Remember, with VoiceOver enabled, you'll need to double-tap items instead of single-tapping and use three fingers to scroll. So, to turn off VoiceOver, you'll double-tap the switch instead of just tapping it once. 

If you're struggling to turn off VoiceOver using the screen, you can also use Siri. Just press and hold the side button (or Home button on models with a physical button) to activate Siri, and then say ""Turn off VoiceOver"".",,True,assistant_message,,
smoltalk_17,user,"A swarm of ants discovered a pile of sugar that spilled from a dropped bag. They begin to harvest it and carry it off to their anthill. Every hour, the ants remove 4 ounces of sugar. The bag of sugar held 24 ounces before it was dropped. After three hours, how many more hours will the ants need to harvest the remaining sugar?","Chumolalar guruhiga tushib ketgan sumkadan to'kilgan shakar uyumi duch keldi. Ular uni yig'ib, inlariga olib keta boshladilar. Har soatda chumolalar 4 untsiya shakar olib ketishadi. Shakar sumkasida tushib ketgunga qadar 24 untsiya shakar bor edi. Uch soatdan keyin, qolgan shakarni yig'ib olish uchun chumolalarga yana necha soat kerak bo'ladi?",False,,0.922421932220459,327
smoltalk_17,assistant,"After each hour, the ants remove 4 ounces of sugar, so after three hours, they have removed 4 * 3 = 12 ounces of sugar.
The bag originally held 24 ounces of sugar, so there are 24 - 12 = 12 ounces of sugar remaining.
The ants remove 4 ounces of sugar every hour, so they will need 12 / 4 = 3 more hours to harvest the remaining sugar.
#### 3
The answer is: 3",,True,assistant_message,,
smoltalk_18,user,"Consider a Python function `flatten_json` that takes a JSON object (a nested dictionary with string keys and values that may themselves be nested dictionaries) as input and returns a flat dictionary whose keys are the path to the original dictionary, and whose values are the values of the corresponding attributes. For example, the input

```python
{
  ""a"": {
    ""b"": ""1"",
    ""c"": {
      ""d"": ""3""
    }
  },
  ""e"": ""2""
}
```

should produce:

```python
{
  ""a.b"": ""1"",
  ""a.c.d"": ""3"",
  ""e"": ""2""
}
```

The keys are joined with a period ('.') to indicate the nested structure.",,True,filtered,,
smoltalk_18,assistant,"To flatten a JSON object into a single-level dictionary, you can use a recursive function that traverses the nested dictionaries and concatenates the current key with each nested key to produce the final path.

Here's a possible solution:

```python
def flatten_json(nested_json, separator='.'):
    flattened_json = {}
    
    def flatten(x, name=''):
        if type(x) is dict:
            for a in x:
                flatten(x[a], name + a + separator)
        elif type(x) is list:
            i = 0
            for a in x:
                flatten(a, name + str(i) + separator)
                i += 1
        else:
            flattened_json[name[:-1]] = x
    
    flatten(nested_json)
    return flattened_json
```

The `flatten_json` function takes a nested JSON object and a separator (default is '.') as arguments. It then defines a recursive function `flatten` that traverses the nested dictionary and concatenates the current key with each nested key to produce the final path. If the current value is a dictionary, it recursively calls `flatten` for each key-value pair. If the current value is a list, it recursively calls `flatten` for each element with an index as its key. Finally, if the current value is neither a dictionary nor a list, it adds the current key-value pair to the final flattened dictionary.",,True,assistant_message,,
smoltalk_19,user,"Please answer the following question: The following article contains an answer for the question: What is the full name of the person who abandoned a romance due to someone's father? , can you please find it?   From her Parkville jail cell, Vergie Winters watches the funeral procession of Senator John Shadwell and remembers her twenty-year past with him: The moment young lawyer John returns to Parkville from an extended honeymoon with his social climbing wife Laura, he visits Vergie, his former lover. After a passionate embrace, John explains to the youthful milliner that he had abandoned their romance because Vergie's father had told him that she was pregnant by laborer Hugo McQueen and would be forced to marry. Vergie then tells John that, to keep her from marrying John, Laura's father had paid her father $10,000 to tell him that devastating lie. Still deeply in love, John and Vergie continue to see each other, but when John starts to campaign for Congress, Preston, a political boss, informs Vergie that, if John is to receive his vital support, she must forego their affair. Although Vergie agrees to Preston's terms, John refuses to end the relationship and spends a long evening with her before the election.  After a victorious win, John moves to Washington, D.C. with Laura, Vergie bears his child under an assumed name. John then adopts the baby, named Joan, whom he claims is the child of a destitute family friend.  At the start of World War I, John returns to Parkville and once again resumes his affair with Vergie. When one of John's late night rendezvous is witnessed by a town gossip and reported to Mike Davey, John's only political enemy, Vergie's successful millinery shop is boycotted, and she is shunned by all but the local prostitutes. In addition, Davey hires Preston's son Barry to steal from Preston's home safe a page from a hotel register on which Vergie had written her assumed name. As Barry is breaking into his father's safe, however, Preston mistakes him for a burglar and kills him, but tells his butler that a burglar shot his son.
A:","Iltimos, quyidagi savolga javob bering: Quyidagi maqolada ""Kimningdir otasi tufayli romantik munosabatdan voz kechgan shaxsning to'liq ismi nima?"" savoliga javob bor, iltimos, uni toping. Parkvil qamoqxonasidagi kamerasidan Verji Vinterz senator Jon Shadovellning dafn marosimini kuzatadi va u bilan bo'lgan yigirma yillik o'tmishini eslaydi: Yosh advokat Jon Laura ismli ijtimoiy jihatdan yuqori mavqega ega xotini bilan uzoq davom etgan to'y sayohatidan Parkvilga qaytgach, u sobiq sevgilisi Verjini ko'rgani boradi. Intim quchoqlashuvdan so'ng, Jon yosh shlyapador ayolga Verjining otasi uning ishchi Hugo McQueen bilan homilador ekanligini va majburan turmushga chiqishi kerakligini aytgani uchun ularning romantik munosabatidan voz kechganini tushuntiradi. Shunda Verji Jonga Lauraning otasi Jon bilan turmush qurishiga to'sqinlik qilish uchun otasiga 10 000 dollar to'laganini aytadi. Hali ham chuqur sevishgan Jon va Verji bir-birlarini ko'rishda davom etadilar, ammo Jon Kongress uchun kampaniya boshlaganda, siyosiy xo'jayin Preston Verjiga Jon uning muhim yordamini olmoqchi bo'lsa, u ularning ishqiy munosabatidan voz kechishi kerakligini aytadi. Verji Prestonning shartlariga rozi bo'lsa ham, Jon munosabatni tugatishdan bosh tortadi va saylovdan oldin u bilan uzoq oqshomni o'tkazadi. G'alabadan so'ng, Jon Laura bilan Vashingtong ko'chib o'tadi, Verji uning farzandini boshqa ism bilan dunyoga getiradi. Keyin Jon Joan ismli chaqaloqni o'z farzandi deb qabul qiladi va uni nochor oilaviy do'stining farzandi deb da'vo qiladi. Birinchi jahon urushining boshida Jon Parkvilga qaytadi va Verji bilan yana ishqiy munosabatini davom ettiradi. Jonning kechki uchrashuvlaridan birini shaharning g'iybatchi ayoli ko'rib, Jonning yagona siyosiy dushmani Mayk Deyviga xabar berganida, Verjining muvaffaqiyatli shlyapa do'koni boykot qilinadi va u mahalliy fohishalardan tashqari hamma tomonidan rad etiladi. Bundan tashqari, Deyvi Prestonning o'g'li Bariyni Prestonning uy seyridan Verjining taxallusi yozilgan mehmonxona ro'yxatidan bir sahifani o'g'irlashga yollaydi. Biroq Bari ota-onasining seyfiga kirayotganda, Preston uni o'g'ri deb adashadi va o'ldiradi, ammo uning xizmatkoriga o'g'ri o'g'lini otib o'ldirganini aytadi.",False,,3.8903889656066895,2082
smoltalk_19,assistant,The full name of the person who abandoned a romance due to someone's father is John Shadwell.,,True,assistant_message,,
smoltalk_20,user,"Write a Python function that accepts two strings as input, string1 and string2. The function should return True if string1's characters can be rearranged to exactly match the characters of string2 in any order, ignoring case (e.g., ""abc"" matches ""cba"" or ""CbA"", while ""ab"" does not match ""AbC""). Otherwise, the function should return False.","Ikkita qatorni, string1 va string2ni, kiritish sifatida qabul qiluvchi Python funksiyasini yozing. Agar string1 belgilarini harflar registridan qat'i nazar, istalgan tartibda string2 belgilariga to'liq mos kelishi uchun qayta tartibga solish mumkin bo'lsa, funksiya True qiymatini qaytarishi kerak (masalan, ""abc"" ""cba"" yoki ""CbA"" ga mos keladi, ""ab"" esa ""AbC"" ga mos kelmaydi). Aks holda, funksiya False qiymatini qaytarishi kerak.",False,,1.0414421558380127,340
smoltalk_20,assistant,"You can create a Python function that checks if the characters of one string can be rearranged to exactly match the characters of another string, ignoring case.

Here's how you could do it:

```python
def match_characters(string1, string2):
    sorted_string1 = sorted(string1.lower())
    sorted_string2 = sorted(string2.lower())
    if sorted_string1 == sorted_string2:
        return True
    else:
        return False
```",,True,assistant_message,,
smoltalk_21,user,I am planning to launch a new e-commerce website and need help creating a structured plan for it. The website will sell outdoor gear and apparel and cater to environmentally conscious consumers. We want to make sure our brand reflects a strong commitment to sustainability.,Men yangi elektron tijorat veb-saytini ishga tushirishni rejalashtirmoqchiman va buning uchun tuzilgan rejani yaratishda yordamga muhtojman. Veb-sayt ochiq havoda foydalanish uchun jihozlar va kiyim-kechaklarni sotadi va ekologik ongli iste'molchilarga xizmat ko'rsatadi. Biz brendimiz barqarorlikka bo'lgan kuchli sodiqligimizni aks ettirishiga ishonch hosil qilishni istaymiz.,False,,1.0055108070373535,273
smoltalk_21,assistant,"To launch a successful e-commerce website for outdoor gear and apparel that resonates with environmentally conscious consumers, let's break down the planning process into key areas. 

First, define your brand identity and mission statement, emphasizing your commitment to sustainability. Develop a unique value proposition that highlights eco-friendly products, supply chain transparency, and environmentally responsible business practices. This will serve as the foundation for your brand's messaging and decision-making.

Next, conduct market research to understand your target audience's preferences, shopping habits, and expectations from a sustainable brand. Identify competitors in the outdoor gear and apparel space who share similar values, analyzing their strengths and weaknesses to inform your strategy. Create buyer personas to guide product selection, marketing efforts, and customer engagement.

Regarding products, establish partnerships with suppliers who adhere to sustainable and environmentally responsible practices. Consider factors like materials, manufacturing processes, and end-of-life product recycling or upcycling options. Develop a product range that not only meets consumer demands but also aligns with your brand values. Ensure that product packaging is minimal, biodegradable, or recyclable to minimize waste.

For the e-commerce platform, select a website builder that offers flexibility, scalability, and seamless user experience. Incorporate features like product filtering by eco-friendly criteria, customer reviews, and educational content on sustainable practices. Develop a comprehensive content marketing strategy that showcases your brand's expertise in sustainability, featuring blog posts, social media, and influencer partnerships.

To further reinforce your commitment to sustainability, consider initiatives like carbon offsetting for shipments, donations to environmental organizations, or hosting events that promote eco-friendly outdoor activities. Develop a plan for measuring and reporting on your brand's environmental impact, using data to drive continuous improvement and transparency.

Lastly, create a pre-launch and post-launch marketing plan, leveraging social media, email marketing, and targeted advertising to reach your audience. Prepare for launch by setting up analytics tools, testing website functionality, and training customer support staff on your brand's values and mission. By following this structured plan, you'll be well on your way to establishing a strong e-commerce brand that resonates with environmentally conscious consumers.",,True,assistant_message,,
smoltalk_21,user,"In the plan for launching the e-commerce website, it was suggested to measure and report the brand's environmental impact. Can you elaborate on how to do that effectively?",Elektron tijorat veb-saytini ishga tushirish rejasida brendning atrof-muhitga ta'sirini o'lchash va hisobot berish taklif etildi. Buni qanday samarali amalga oshirish haqida batafsil ma'lumot bera olasizmi?,False,,0.6110889911651611,171
smoltalk_21,assistant,"Measuring and reporting your brand's environmental impact is crucial to maintaining transparency, accountability, and trust with your environmentally conscious audience. To do this effectively, start by identifying key performance indicators (KPIs) that align with your sustainability goals. These might include metrics like carbon footprint, water usage, waste reduction, and supply chain responsible sourcing.

Begin by conducting a thorough assessment of your operations, supply chain, and products to determine areas with the most significant environmental impacts. Use tools like life cycle assessments (LCAs) or environmental impact assessments to evaluate the effects of your products from raw material extraction to end-of-life disposal or recycling. This analysis will help you prioritize focus areas and set realistic targets for reduction.

Establish a system for tracking and collecting data on your environmental KPIs. This may involve implementing software or working with third-party providers who specialize in sustainability data management. Ensure that your data collection process is consistent, accurate, and transparent.

When it comes to reporting, consider adopting international standards like the Global Reporting Initiative (GRI) or the Sustainability Accounting Standards Board (SASB). These frameworks provide guidelines for reporting on environmental, social, and governance (ESG) metrics, enabling you to communicate your sustainability performance in a clear and comparable manner.

Create a dedicated webpage or section on your website to share your environmental impact reports, progress updates, and goals. Use visualizations like charts, graphs, and infographics to make the information accessible and engaging for your audience. Regularly update your reports to demonstrate continuous improvement and accountability.

In addition to quantitative metrics, consider sharing stories and case studies that highlight your brand's sustainability initiatives, successes, and challenges. This narrative approach can help humanize your brand and foster a deeper connection with your environmentally conscious customers.

Finally, consider obtaining third-party certifications like B Corp or ISO 14001 to validate your sustainability efforts and provide an added layer of credibility. By measuring and reporting your environmental impact effectively, you'll not only maintain transparency but also drive business decisions that align with your brand's values and mission.",,True,assistant_message,,
smoltalk_21,user,"What are the ISO 14001 and B Corp, how can these thirdparty certifications validate sustainability efforts, and what is the difference between these two certifications?","ISO 14001 va B Corp nima, ushbu uchinchi tomon sertifikatlari barqarorlik bo'yicha sa'y-harakatlarni qanday tasdiqlaydi va ushbu ikkita sertifikat o'rtasidagi farq nima?",False,,0.6105148792266846,168
smoltalk_21,assistant,"ISO 14001 and B Corp are two prominent third-party certifications that validate a company's sustainability efforts. While they share some similarities, each certification has distinct focuses and requirements.

ISO 14001 is an international standard for environmental management systems (EMS). It provides a framework for organizations to manage their environmental impacts, reduce waste, and improve their overall sustainability performance. To become ISO 14001 certified, a company must establish an EMS that meets the standard's requirements, which include:

1. Identifying and assessing environmental aspects and impacts
2. Setting environmental objectives and targets
3. Implementing procedures for environmental management, monitoring, and control
4. Continuously reviewing and improving the EMS

ISO 14001 certification demonstrates a company's commitment to environmental management and its ability to reduce its environmental footprint. The certification is industry-agnostic and can be applied to organizations of any size.

On the other hand, B Corp certification is a more comprehensive evaluation that assesses a company's overall social and environmental performance. B Corp certification is awarded by B Lab, a non-profit organization that evaluates companies based on their performance in five key areas:

1. Governance: accountability, transparency, and leadership
2. Workers: employee welfare, training, and benefits
3. Community: civic engagement, philanthropy, and environmental impact
4. Environment: environmental management, conservation, and sustainability
5. Customers: product quality, safety, and accessibility

To become a certified B Corp, a company must meet the B Lab's rigorous standards, which include achieving a minimum score on the B Impact Assessment (BIA) and passing a review process. The BIA evaluates a company's practices, policies, and performance in the five key areas mentioned above.

The main differences between ISO 14001 and B Corp certifications are:

1. Focus: ISO 14001 focuses on environmental management, while B Corp certification evaluates a company's broader social and environmental performance.
2. Scope: ISO 14001 is primarily concerned with a company's internal operations and environmental impacts, whereas B Corp certification considers a company's impact on its stakeholders, including employees, customers, and the community.
3. Industry applicability: While ISO 14001 is industry-agnostic, B Corp certification is more commonly associated with consumer-facing businesses, although it can be applied to any type of organization.

Obtaining either certification can provide numerous benefits, including:

* Enhanced credibility and reputation
* Improved sustainability performance
* Increased transparency and accountability
* Better risk management
* Improved stakeholder trust and engagement
* Access to new markets and business opportunities

By obtaining ISO 14001 or B Corp certification, your e-commerce company can demonstrate its commitment to sustainability and social responsibility, which can help build trust with environmentally conscious customers and stakeholders.",,True,assistant_message,,
smoltalk_22,user,"Hi Olivia,

It was great meeting you at the conference last week! I really enjoyed our conversation about the intersection of nutrition and learning difficulties in children. I think our expertise could complement each other well.

I was wondering if you'd be interested in collaborating on a workshop for parents and educators on how nutrition can impact children with ADHD and learning difficulties. I believe our combined knowledge could provide valuable insights for the community.

Please let me know if this is something you'd like to explore further. I'd be happy to discuss potential topics and logistics.

Best regards,
Emily","Salom, Olivia!

O'tgan hafta konferentsiyada uchrashganimizdan juda xursandman! Bolalarda ovqatlanish va o'rganishdagi qiyinchiliklarning o'zaro bog'liqligi haqidagi suhbatimiz menga juda yoqdi. Menimcha, bizning tajribamiz bir-birini yaxshi to'ldirishi mumkin.

Men siz bilan ota-onalar va o'qituvchilar uchun ADHD va o'rganishdagi qiyinchiliklari bo'lgan bolalarga ovqatlanishning ta'siri haqida seminar o'tkazishda hamkorlik qilishdan manfaatdor bo'lasizmi deb so'ramoqchi edim. Ishonchim komilki, bizning birlashgan bilimimiz jamiyat uchun qimmatli ma'lumotlar berishi mumkin.

Agar siz bu g'oyani yanada o'rganishni istasangiz, iltimos, menga xabar bering. Potentsial mavzular va logistika haqida muhokama qilishdan mamnun bo'laman.

Hurmat bilan,
Emily",False,,1.4057517051696777,634
smoltalk_22,assistant,"Hi Olivia,

Great meeting you last week! I enjoyed our talk on nutrition and learning difficulties in children. I think we could complement each other well.

Would you be interested in co-hosting a workshop for parents and educators on how nutrition affects children with ADHD and learning difficulties? Our combined expertise could offer valuable insights.

Let me know if you're interested, and we can discuss details.

Best,
Emily",,True,assistant_message,,
smoltalk_23,user,"Write a short poem and ask me for feedback, so I'll get a feel for what our collaboration might look like.

Silent waves kissed the shore,
Gentle as a lover's sigh.
On the beach, a lone figure stood,
Gazing out to sea and sky.

The sun dipped low, a burning coal,
Casting shadows, dark and long.
The stars began their twinkling show,
A celestial, ethereal song.

In this peaceful, dreamlike scene,
The figure's heart was not serene.
A turbulent and troubled sea,
Reflected the turmoil within me.

Your turn. What are your thoughts on this poem? What changes or additions might you suggest?","Qisqa she'r yozing va mendan fikr bildirishimni so'rang, shunda men hamkorligimiz qanday bo'lishi mumkinligini his qilaman.

Sokin to'lqinlar qirg'oqni o'pdi,
Sevgilining nafasidek muloyim.
Sohilbo'yida yolg'iz bir kishi turardi,
Dengizga va osmonga boqib.

Quyosh pastga tushdi, yonayotgan ko'mirdek,
Uzun va qorong'i soyalar sochib.
Yulduzlar miltillashni boshladilar,
Osmoniy, eterik qoshiqdek.

Bu tinch, tushdek manzarada,
Kishining qalbi xotirjam emasdi.
Ichimdag'i g'alayonli va tashvishli dengiz,
Ichimdag'i notinchlikni aks ettirardi.

Sizning navbatingiz. Bu she'r haqida nima deysiz? Qanday o'zgarishlar yoki qo'shimchalar taklif qila olasiz?",False,,1.4281952381134033,589
smoltalk_23,assistant,"I'd love to hear your thoughts on this poem. As the one who penned it, I was aiming to capture a sense of contrast between the peaceful atmosphere of the beach and the turmoil within the figure's heart.

To me, the poem feels a bit contained, like it's holding back from fully exploring the depths of the figure's emotions. I'd love to hear if you think it would benefit from a more explicit expression of their inner world. Perhaps we could add more sensory details to help the reader fully immerse themselves in the scene, or explore the figure's backstory to give their emotions more context.

The language and imagery are quite lyrical, but I worry that the poem might be relying too heavily on familiar metaphors (e.g., the ""turbulent sea"" as a symbol for inner turmoil). Do you think we could push the language to be more unexpected, more surprising, while still conveying the same emotions?

Lastly, I'm curious about the final line, ""Reflected the turmoil within me."" The shift from third-person to first-person narration feels a bit jarring – do you think it's effective in drawing the reader into the figure's world, or does it disrupt the poem's flow?",,True,assistant_message,,
smoltalk_23,user,"I think the poem is excellent but could benefit from a different ending. I like your concern about the change in narration. To me the poem flowed perfectly up until that final line. Perhaps we can remove that line and end with the turbulent and troubled sea, letting the reader interpret the depth of the turmoil. Alternatively we could change the final line to maintain the third person narration and avoid the jarring switch.","Menimcha, she'r ajoyib, lekin boshqa yakun bilan yanada yaxshiroq bo'lishi mumkin. Hikoya o'zgarishiga oid xavotiringizni tushunaman. Mening fikrimcha, she'r oxirgi misragacha mukammal ohangda edi. Balki, biz o'sha misrani olib tashlab, she'rni to'lqinli va notinch dengiz bilan yakunlasak, o'quvchi notinchlikning chuqurligini o'zi talqin qilishi mumkin. Yoki, uchinchi shaxs hikoyasini saqlab qolish va keskin o'zgarishdan qochish uchun oxirgi misrani o'zgartirishimiz mumkin.",False,,0.9858858585357666,427
smoltalk_23,assistant,"Removing the final line altogether would indeed create a more open-ended, interpretive quality to the poem, allowing the reader to fill in the gaps and connect with the figure's emotions on a deeper level. It would also maintain the poem's otherwise consistent pacing and tone.

Alternatively, if we choose to keep a final line, revising it to maintain the third-person narration could add a sense of cohesion to the poem. For example, ""Reflected the turmoil that she could not free"" or ""Reflected the depths of her troubled sea"" could work, although these suggestions might still be a bit too on-the-nose.

Perhaps a more subtle approach would be to add a line that simply deepens the imagery, without explicitly stating the figure's emotions. For instance, ""And the stars above, a distant hum"" could create a sense of disconnection between the figure's inner world and the peaceful atmosphere of the beach.

What do you think about these suggestions? Do any of them resonate with you, or do you have a different direction in mind?",,True,assistant_message,,
smoltalk_23,user,"I think the suggestion of simply deepening the imagery, is a way to go. And the stars above, a distant hum, does provide that feel of disconnection between the character and the peaceful surroundings.",Tasvirni chuqurlashtirish g'oyasi yaxshi yo'nalish deb o'ylayman. Yuqoridagi yulduzlar va uzoqdan eshitilayotgan gung'urash ovozi personaj va tinch tabiat o'rtasidagi uzilish hissini uyg'otadi.,False,,0.7818970680236816,200
smoltalk_23,assistant,"I'm glad you like that suggestion. Adding a line that deepens the imagery, rather than explicitly stating the figure's emotions, allows the reader to infer and connect with the character on a more intuitive level. The phrase ""And the stars above, a distant hum"" creates a sense of disconnection, but also adds a new layer of sensory detail to the poem, drawing the reader's attention to the vastness of the universe and the figure's smallness within it.

With this revised ending, the poem feels more complete, yet still open-ended and contemplative. The contrast between the peaceful atmosphere of the beach and the figure's inner turmoil remains, but it's now more subtly suggested, leaving room for the reader's interpretation.

Here's the revised poem:

Silent waves kissed the shore,
Gentle as a lover's sigh.
On the beach, a lone figure stood,
Gazing out to sea and sky.

The sun dipped low, a burning coal,
Casting shadows, dark and long.
The stars began their twinkling show,
A celestial, ethereal song.

In this peaceful, dreamlike scene,
The figure's heart was not serene.
A turbulent and troubled sea,
And the stars above, a distant hum.

I'm curious, what do you think about exploring this character's story further? Could we delve deeper into their backstory, or perhaps create a narrative that expands on this moment, exploring the tensions between their inner world and the peaceful surroundings?",,True,assistant_message,,
smoltalk_24,user,"I am in IT and my job involves a lot of coding and software development. I'm pretty good at my job and always get good reviews, but I've started to feel stuck. I feel like I'm just going through the motions and I don't find my work as challenging or rewarding as I used to. I've been thinking about looking for a new job, but I'm not sure if that's the right decision. What are your thoughts?

(Note, don't give a simple list of what to do, but present your thoughts in a narrative)","Men IT sohasida ishlayman va mening ishim ko'p kod yozish va dasturiy ta'minotni ishlab chiqishni o'z ichiga oladi. Ishimda yaxshi natijalarga erishaman va har doim yaxshi baholarni olaman, lekin o'zimni turg'unlikda his qila boshladim. Xuddi shunchaki harakat qilayotgandekman va ishimni ilgari kabi qiziqarli yoki mukofotli deb topmayapman. Yangi ish qidirish haqida o'ylayapman, lekin bu to'g'ri qaror ekanligiga ishonchim komil emas. Sizning fikringiz qanday?

(Eslatma: nima qilish kerakligining oddiy ro'yxatini bermang, balki o'z fikrlaringizni hikoya tarzida taqdim eting)",False,,1.1322472095489502,482
smoltalk_24,assistant,"Feeling stuck in your job, especially one that you've excelled in, can be frustrating and demotivating. It's natural to wonder if a change of scenery, or in this case, a new job, might be the solution. However, before making any decisions, it's essential to take a step back and assess what's driving your feelings.

It's possible that you've simply outgrown your current role, and the tasks that once challenged and excited you now feel routine and mundane. This is a common phenomenon, especially in fields like IT, where technology is constantly evolving. You might be craving new challenges, more complex problems to solve, or the opportunity to learn new skills.

On the other hand, it's also possible that there are other factors contributing to your feelings of stagnation. Perhaps you're not being utilized to your full potential, or you're not receiving the support or resources you need to grow in your role. It's also possible that you're experiencing burnout, which can be a result of prolonged periods of stress, overwork, or lack of work-life balance.

Rather than immediately jumping to the conclusion that a new job is the solution, consider exploring ways to reignite your passion for your current role. Could you take on additional responsibilities or projects that challenge you? Are there opportunities for professional development or training that could help you acquire new skills? Are there changes you could make to your work environment or routine that would make your job more engaging?

It's also important to reflect on what you're looking for in a new job, if you were to decide to leave. What are your non-negotiables? What kind of work environment, culture, and challenges would you thrive in? What are your long-term career goals, and how does your current role align with them?

Ultimately, the decision to stay or leave is a personal one. By taking the time to reflect on your feelings, assess your current situation, and explore your options, you'll be better equipped to make an informed decision that aligns with your goals and aspirations.",,True,assistant_message,,
smoltalk_24,user,You discuss the important role of exploring whether the current job can be improved. How would a person do that and how could they know whether they can continue in the same job with increased satisfaction?,Hozirgi ishni yaxshilash imkoniyatlarini o'rganishning muhim rolini muhokama qilasiz. Inson buni qanday amalga oshirishi va o'zi xohlagan ishda yanada katta mamnuniyat bilan ishlashda davom etishi mumkinligini qanday bilsa bo'ladi?,False,,0.6328868865966797,206
smoltalk_24,assistant,"Exploring ways to improve your current job can be a valuable exercise, and it's essential to approach it in a systematic and intentional way. Here's how you might go about it:

Start by identifying the specific aspects of your job that are causing you to feel stuck or unfulfilled. Is it the type of work you're doing, the lack of challenge, the work environment, or something else? Be as specific as possible. Once you have a clear understanding of the issues, you can begin brainstorming potential solutions.

Consider having an open and honest conversation with your supervisor or manager. Share your concerns and frustrations, and ask for their perspective on the situation. They may be able to offer insights or suggestions that you haven't considered, or they may be willing to work with you to find solutions.

One potential solution might be to take on new responsibilities or projects that challenge you and provide opportunities for growth. This could involve seeking out new tasks, volunteering for special projects, or even switching teams or departments within the company. You might also consider seeking out mentorship or coaching to help you develop new skills or gain new perspectives.

Another approach might be to focus on improving your work environment or workflow. This could involve identifying inefficiencies or bottlenecks in your current processes and finding ways to streamline them, or advocating for changes to your workspace or tools.

As you explore these possibilities, pay attention to your own reactions and responses. Do you feel a spark of excitement or enthusiasm when you're working on a particular project or task? Do you feel more engaged and motivated when you're working with certain colleagues or in a specific environment? These signs can indicate that you're on the right track.

To determine whether you can continue in the same job with increased satisfaction, pay attention to the following signs:

* Are you feeling more engaged and motivated on a daily basis?
* Are you able to apply your skills and talents in meaningful ways?
* Are you feeling challenged and supported in your role?
* Are you able to see a clear path for growth and development?
* Are you feeling valued and respected by your colleagues and supervisors?

If you're seeing positive changes in these areas, it may be possible to continue in your current job with increased satisfaction. However, if you're not seeing improvements, or if you're feeling consistently unhappy or unfulfilled, it may be time to consider looking elsewhere.

Ultimately, the key is to approach the process with an open mind and a willingness to explore different possibilities. By doing so, you can make an informed decision about whether to stay in your current job or seek new opportunities.",,True,assistant_message,,
smoltalk_24,user,What characteristics should the ideal workplace have to be able to work to one's best potential and be happy?,Inson o'z salohiyatini to'liq namoyon etishi va baxtli bo'lishi uchun ideal ish joyi qanday xususiyatlarga ega bo'lishi kerak?,False,,0.6919419765472412,109
smoltalk_24,assistant,"The ideal workplace can vary depending on individual preferences and needs, but there are certain characteristics that are commonly associated with high-performing and fulfilling work environments. Here are some of the key characteristics of an ideal workplace that can enable individuals to work to their best potential and be happy:

A culture of trust, respect, and open communication is essential. When employees feel valued, heard, and empowered to contribute, they are more likely to be motivated, engaged, and productive. This culture should be fostered by leaders who prioritize transparency, empathy, and inclusivity.

Opportunities for growth, learning, and development are vital. Employees should have access to training, mentorship, and resources that help them acquire new skills, take on new challenges, and advance in their careers. This not only enhances their job satisfaction but also enables them to make meaningful contributions to the organization.

A sense of purpose and meaning is crucial. When employees understand how their work aligns with the organization's mission and goals, they are more likely to feel motivated and fulfilled. This sense of purpose can be fostered through clear communication, recognition, and rewards that acknowledge individual and team achievements.

Autonomy, flexibility, and work-life balance are essential. Employees should have the freedom to manage their time, prioritize tasks, and balance their work and personal responsibilities. This can include flexible work arrangements, remote work options, and employee wellness programs that promote overall well-being.

Diversity, equity, and inclusion are fundamental. A workplace that values and celebrates diversity, promotes equity, and fosters inclusion is more likely to attract and retain top talent. This includes creating a culture that is welcoming, supportive, and respectful of all employees, regardless of their background, identity, or perspective.

Recognition, feedback, and appreciation are vital. Regular feedback, recognition, and rewards can motivate employees, boost morale, and reinforce positive behaviors. This can include formal recognition programs, bonuses, or promotions, as well as informal expressions of gratitude and appreciation.

Collaboration, teamwork, and camaraderie are essential. When employees feel connected to their colleagues, they are more likely to be engaged, motivated, and productive. This can be fostered through team-building activities, social events, and opportunities for collaboration and knowledge-sharing.

Finally, a commitment to employee well-being and mental health is critical. Employees should have access to resources, support, and accommodations that promote their physical, emotional, and mental well-being. This can include employee assistance programs, mental health days, and wellness initiatives that prioritize self-care and stress management.

By incorporating these characteristics, organizations can create a workplace culture that supports the well-being, growth, and success of their employees, enabling them to work to their best potential and be happy in their jobs.",,True,assistant_message,,
smoltalk_25,user,"How can you assist with debugging, reviewing, or writing code?","Siz kodni diskretlash, koʻrib chiqish yoki yozishda qanday yordam bera olasiz?",False,,0.5151879787445068,62
smoltalk_25,assistant,"I can assist with debugging, reviewing, and writing code in several ways:

**Debugging:**

1. Error analysis: Share the error message, and I'll help identify the cause and suggest potential solutions.
2. Code review: Provide the problematic code snippet, and I'll examine it for logical errors, syntax mistakes, and potential issues.
3. Troubleshooting: Describe the issue, and I'll guide you through a step-by-step process to resolve it.

**Reviewing:**

1. Code optimization: Share your code, and I'll suggest improvements for performance, readability, and maintainability.
2. Best practices: I'll review your code for adherence to industry standards and recommend adjustments as needed.
3. Security audit: I'll examine your code for potential vulnerabilities and suggest mitigation strategies.

**Writing:**

1. Code implementation: Describe the problem or requirement, and I'll provide a well-structured code snippet in the desired programming language.
2. Algorithm development: Explain the problem, and I'll help design an efficient algorithm to solve it.
3. Code completion: Share partially written code, and I'll assist in completing it.

Please provide the code snippet, error message, or problem description, and I'll be happy to assist you.",,True,assistant_message,,
smoltalk_25,user,"For the code below: Implement 3 functions, setPixel(), drawCircle() and drawLine(). setPixel() function should set the pixel at the specified x and y coordinates to the given color. drawCircle() function should draw the circle with the given radius and center at (x, y) coordinates with the specified color. drawLine() function should draw a line from (x1, y1) to (x2, y2) using the specified color.
```cpp
#include <iostream>
#include <vector>

class Pixel {
public:
    int x, y;
    std::string color;

    Pixel(int x, int y, std::string color) : x(x), y(y), color(color) {}
};

class Screen {
private:
    int width, height;
    std::vector<std::vector<Pixel>> pixels;

public:
    Screen(int width, int height) : width(width), height(height) {
        pixels.resize(height, std::vector<Pixel>(width, Pixel(0, 0, ""black"")));
    }
}
```

For the methods you implement, use the Screen class to draw shapes.",,True,filtered,,
smoltalk_25,assistant,"Here's the implementation of the `setPixel()`, `drawCircle()`, and `drawLine()` functions:

```cpp
#include <iostream>
#include <vector>
#include <cmath>

class Pixel {
public:
    int x, y;
    std::string color;

    Pixel(int x, int y, std::string color) : x(x), y(y), color(color) {}
};

class Screen {
private:
    int width, height;
    std::vector<std::vector<Pixel>> pixels;

public:
    Screen(int width, int height) : width(width), height(height) {
        pixels.resize(height, std::vector<Pixel>(width, Pixel(0, 0, ""black"")));
    }

    // Set the pixel at the specified x and y coordinates to the given color
    void setPixel(int x, int y, std::string color) {
        if (x >= 0 && x < width && y >= 0 && y < height) {
            pixels[y][x].color = color;
        }
    }

    // Draw the circle with the given radius and center at (x, y) coordinates with the specified color
    void drawCircle(int x, int y, int radius, std::string color) {
        for (int dy = -radius; dy <= radius; dy++) {
            for (int dx = -radius; dx <= radius; dx++) {
                if (dx * dx + dy * dy <= radius * radius) {
                    setPixel(x + dx, y + dy, color);
                }
            }
        }
    }

    // Draw a line from (x1, y1) to (x2, y2) using the specified color
    void drawLine(int x1, int y1, int x2, int y2, std::string color) {
        int dx = abs(x2 - x1);
        int dy = abs(y2 - y1);
        int x = x1;
        int y = y1;
        int sx = (x1 < x2) ? 1 : -1;
        int sy = (y1 < y2) ? 1 : -1;
        int err = dx - dy;

        while (true) {
            setPixel(x, y, color);
            if (x == x2 && y == y2) break;
            int e2 = 2 * err;
            if (e2 > -dy) {
                err -= dy;
                x += sx;
            }
            if (e2 < dx) {
                err += dx;
                y += sy;
            }
        }
    }

    // Print the screen (for debugging)
    void printScreen() {
        for (int y = 0; y < height; y++) {
            for (int x = 0; x < width; x++) {
                std::cout << pixels[y][x].color << "" "";
            }
            std::cout << std::endl;
        }
    }
};
```

You can use the `Screen` class as follows:

```cpp
int main() {
    Screen screen(20, 20);
    screen.setPixel(10, 10, ""white"");
    screen.drawCircle(10, 10, 5, ""red"");
    screen.drawLine(5, 5, 15, 15, ""green"");
    screen.printScreen();
    return 0;
}
```

This code will create a 20x20 screen, set the pixel at (10, 10) to white, draw a red circle with a radius of 5 centered at (10, 10), and draw a green line from (5, 5) to (15, 15). The `printScreen()` function is used to print the screen for debugging.",,True,assistant_message,,
smoltalk_25,user,"For Java what is the difference between break, continue and return statements?","Java'da break, continue va return operatorlari o'rtasidagi farq nima?",False,,0.3384890556335449,78
smoltalk_25,assistant,"In Java, `break`, `continue`, and `return` are three different statements that control the flow of a program's execution. Here's a brief overview of each:

1. **Break Statement:**
   - The `break` statement is used to exit a loop (for, while, do-while, or switch statement) immediately.
   - When a `break` statement is encountered, the loop is terminated, and the program control passes to the statement that follows the loop.
   - It can also be used with a label to exit a specific loop in a nested loop scenario.

   Example:
   ```java
for (int i = 0; i < 10; i++) {
    if (i == 5) {
        break;
    }
    System.out.println(i);
}
```
   This code will print numbers from 0 to 4.

2. **Continue Statement:**
   - The `continue` statement is used to skip the current iteration of a loop and move to the next iteration.
   - When a `continue` statement is encountered, the current iteration is skipped, and the program control passes to the next iteration of the loop.
   - Like `break`, `continue` can also be used with a label to skip a specific loop in a nested loop scenario.

   Example:
   ```java
for (int i = 0; i < 10; i++) {
    if (i == 5) {
        continue;
    }
    System.out.println(i);
}
```
   This code will print all numbers from 0 to 9 except 5.

3. **Return Statement:**
   - The `return` statement is used to exit a method and return control to the caller method.
   - When a `return` statement is encountered, the method is terminated, and the program control passes back to the caller method.
   - The `return` statement can also be used to return a value from a method.

   Example:
   ```java
public static void main(String[] args) {
    System.out.println(add(2, 3));
}

public static int add(int a, int b) {
    return a + b;
}
```
   This code will print the sum of 2 and 3, which is 5.

In summary:

- `break` exits a loop or switch statement.
- `continue` skips the current iteration of a loop and moves to the next iteration.
- `return` exits a method and returns control to the caller method, potentially returning a value.",,True,assistant_message,,
smoltalk_26,user,"Dear Alexander,

Thank you for reaching out regarding your term paper. I appreciate your enthusiasm for the topic and your desire to explore the military factors that contributed to the fall of the Roman Empire. Your focus on leadership and strategy is a promising avenue for analysis, and I believe you can create a compelling argument by examining how these elements influenced the empire's decline.

To help you narrow down your focus, I suggest considering the following questions:
1. How did the quality of military leadership change during the later years of the empire, and what impact did this have on the effectiveness of the Roman army?
2. Were there specific military strategies or tactics employed by the Romans that proved ineffective against barbarian invasions, and why?
3. How did the empire's military resources and infrastructure fare during this period, and how did this affect their ability to defend their territory?

As for sources, I recommend starting with the following:
- ""The Cambridge Companion to the Roman Army"" edited by Paul Erdkamp
- ""The Fall of the Roman Empire: A New History of Rome and the Barbarians"" by Peter Heather
- ""The Roman Army at War: 100 BC - AD 200"" by Adrian Goldsworthy

These works should provide you with a solid foundation for understanding the military context of the empire's decline and help you develop your thesis.

I look forward to seeing how your paper takes shape. Please feel free to reach out if you have any further questions or if you would like to discuss your progress.

Best regards,
Prof. Emily Nguyen","Hurmatli Aleksandr,

Kurs ishingiz boʻyicha murojaat qilganingiz uchun tashakkur. Mavzuga boʻlgan ishtiyoqingiz va Rim imperiyasining qulashiga olib kelgan harbiy omillarni oʻrganish istagingizni qadrlayman. Liderlik va strategiyaga eʼtibor qaratishingiz tahlil uchun istiqbolli yoʻnalish boʻlib, ushbu elementlar imperiyaning tanazzuliga qanday taʼsir qilganini oʻrganish orqali siz oʻziga xos dalil yaratishingizga ishonaman.

Mavzuni toraytirish uchun quyidagi savollarni koʻrib chiqishni taklif qilaman:
1. Imperiyaning keyingi yillarida harbiy rahvadlik sifati qanday oʻzgardi va bu Rim armiyasining samaradorligiga qanday taʼsir qildi?
2. Rimliklar tomonidan qoʻllanilgan, ammo варвар bosqinlariga qarshi samarasiz boʻlib chiqqan maʼlum harbiy strategiyalar yoki taktikalar bormidi va nima uchun?
3. Ushbu davrda imperiyaning harbiy resurslari va infratuzilmasi qanday ahvolga tushdi va bu ularning hududini himoya qilish qobiliyatiga qanday taʼsir qildi?

Manbalarga kelsak, quyidagilardan boshlashni tavsiya qilaman:
- Pol Erdkamp tahriri ostidagi ""Rim armiyasiga Kembridj qoʻllanmasi""
- Piter Xeterning ""Rim imperiyasining qulashi: Rim va варварlarning yangi tarixi""
- Adrian Goldsvortining ""Urushda Rim armiyasi: miloddan avvalgi 100 - milodiy 200""

Ushbu asarlar sizga imperiyaning tanazzulining harbiy kontekstini tushunish uchun mustahkam asos yaratishi va tezisingizni ishlab chiqishingizga yordam berishi kerak.

Ishingiz qanday shakllanishini koʻrishni intiqlik bilan kutaman. Agar qoʻshimcha savollaringiz boʻlsa yoki taraqqiyotingizni muhokama qilishni istasangiz, bemalol murojaat qiling.

Hurmat bilan,
Prof. Emili Nguyen",False,,2.6190240383148193,1573
smoltalk_26,assistant,Prof. Emily Nguyen provides guidance on a term paper about the military factors in the fall of the Roman Empire.,,True,assistant_message,,
smoltalk_27,user,Character creation can be difficult. What are some ways to create a character that feels authentic and fully realized?,Per sonaj yaratish qiyin bo'lishi mumkin. Haqiqiy va to'liq tasavvur qilingan personajni yaratishning qanday yo'llari bor?,False,,0.6216471195220947,118
smoltalk_27,assistant,"Creating a character that feels authentic and fully realized can be a challenging yet rewarding task. One approach is to start with the basics: give your character a rich backstory. Think about their childhood, their relationships, their triumphs, and their failures. What motivates them? What are their deepest fears and desires? How have their experiences shaped them into the person they are today?

As you delve into their past, consider their personality traits, quirks, and mannerisms. Are they introverted or extroverted? Do they have any habits or rituals that bring them comfort? What's their sense of humor like? Do they have any flaws or weaknesses that make them more relatable and human?

Another way to add depth to your character is to think about their contradictions. What are some opposing traits or desires that make them more complex and interesting? Perhaps they're a brave warrior who's secretly afraid of failure, or a confident leader who's struggling with self-doubt. These contradictions can create tension and nuance, making your character feel more realistic and engaging.

It's also important to consider your character's emotional landscape. What are their emotional triggers? How do they respond to stress, joy, or heartbreak? What are their emotional strengths and weaknesses? By exploring their emotional depth, you can create a character that feels more authentic and relatable.

Lastly, think about your character's voice and perspective. How do they see the world? What's their unique perspective on life? What kind of language and tone do they use when speaking or thinking? By capturing their voice and perspective, you can bring your character to life and make them feel more fully realized.

Remember, creating a character is a process that takes time and patience. Don't be afraid to experiment and try new things. As you get to know your character, they'll begin to feel more authentic and fully realized, and you'll be able to craft a compelling story around them.",,True,assistant_message,,
smoltalk_27,user,"The ""rules"" of writing say that the hero has to have a fatal flaw which will stop them from getting the thing that they most desire until they overcome that flaw. What can be some fatal flaws that heroes have?","""Yozish qoidalari""ga ko'ra, qahramonning halokatli kamchiligi bo'lishi kerak, bu kamchiligi uni eng katta orzusiga erishishdan to'xtatib turadi, toki u bu kamchiligi ustidan g'alaba qozongunicha. Qahramonlarda qanday halokatli kamchiliklar bo'lishi mumkin?",False,,0.5794880390167236,209
smoltalk_27,assistant,"The concept of the fatal flaw, also known as the tragic flaw or hamartia, is a timeless and powerful tool in storytelling. It's a character's inherent weakness or defect that ultimately leads to their downfall, but also provides an opportunity for growth and transformation. Here are some examples of fatal flaws that heroes might possess:

One classic fatal flaw is hubris, or excessive pride. This can manifest as arrogance, entitlement, or a sense of invincibility. A hero with hubris might be so convinced of their own abilities that they underestimate their opponents or overlook crucial details, leading to their downfall.

Another common fatal flaw is fear or anxiety. A hero who is consumed by fear or anxiety might be hesitant to take risks, make decisions, or confront challenges head-on. This could lead to missed opportunities, strained relationships, or even catastrophic consequences.

Self-doubt or lack of confidence can also be a debilitating fatal flaw. A hero who struggles with self-doubt might second-guess themselves, question their abilities, or hesitate to take action. This can lead to indecision, inaction, or a lack of conviction, ultimately thwarting their progress.

Impulsiveness or recklessness can be another fatal flaw. A hero who acts on impulse without thinking through the consequences might put themselves or others in danger, damage relationships, or sabotage their own goals.

Attachment to material possessions, power, or status can also be a fatal flaw. A hero who is overly attached to these things might prioritize them above all else, leading to selfish decisions, exploitation, or even corruption.

Blind loyalty or naivety can be a fatal flaw, especially in situations where it's misplaced or unwarranted. A hero who is too trusting or loyal might ignore warning signs, dismiss red flags, or overlook obvious dangers, leading to disastrous consequences.

Finally, a hero's past trauma or emotional scars can be a fatal flaw if left unaddressed. Unresolved emotional pain or unresolved conflicts can lead to triggers, flashbacks, or self-destructive behaviors that hinder the hero's progress or relationships.

These are just a few examples of fatal flaws that heroes might possess. Remember, the key is to make the flaw authentic and integral to the character's personality, backstory, and motivations. By exploring and overcoming their fatal flaw, your hero can undergo a transformative journey and emerge stronger, wiser, and more triumphant.",,True,assistant_message,,
smoltalk_27,user,"What are some ways you could show a character's fatal flaw rather than telling the reader about it? 

Rather than telling a reader that a character is afraid of failure, for example, how could you show this in action so it is more believable?","Qahramonning halokatli kamchiligini o'quvchiga aytib berish o'rniga, uni qanday ko'rsatish usullari mavjud?

Masalan, qahramonning muvaffaqiyatsizlikdan qo'rqishini o'quvchiga aytish o'rniga, uni qanday qilib harakatda ko'rsatish mumkin, shunda u yanada ishonchli bo'ladi?",False,,0.6917157173156738,242
smoltalk_27,assistant,"Showing a character's fatal flaw through action, dialogue, and behavior is a much more effective way to convey their personality and traits than simply telling the reader about it. Here are some ways to show a character's fatal flaw:

To show a character's fear of failure, for example, you could depict them:

Hesitating or procrastinating when faced with a challenging task or decision. They might spend too much time researching, planning, or seeking input from others, in an attempt to mitigate the risk of failure.

Overpreparing or overrehearsing for a situation, trying to anticipate every possible outcome and prepare for every contingency. This could be shown through their notes, lists, or elaborate plans.

Avoiding situations or opportunities that carry a risk of failure, even if it means missing out on potential rewards or growth. This could be shown through their reluctance to take on new challenges, their excuses for not trying, or their tendency to stick with what's familiar and safe.

Being overly self-critical or perfectionistic, beating themselves up over small mistakes or perceived shortcomings. This could be shown through their inner monologue, their dialogue with others, or their behavior when faced with criticism or feedback.

Having a tendency to sabotage their own efforts or relationships, often unconsciously, in order to avoid the risk of failure or rejection. This could be shown through their self-destructive behaviors, their tendency to push people away, or their reluctance to form close relationships.

In dialogue, you could also show a character's fear of failure through their speech patterns, tone, and body language. For example, they might:

Use hesitant or tentative language, such as ""I don't know if I can do this"" or ""I'm not sure I'm ready.""

Display physical signs of anxiety or nervousness, such as fidgeting, sweating, or avoiding eye contact.

Make excuses or rationalize their lack of progress or success, blaming external circumstances or others for their own shortcomings.

Seek constant reassurance or validation from others, fishing for compliments or seeking praise to boost their own confidence.

By showing a character's fatal flaw through their actions, dialogue, and behavior, you can create a more nuanced and believable character that readers can empathize with and root for.",,True,assistant_message,,
smoltalk_28,user,"I want to filter the following database records to only include incomplete tasks: task A is pending, task B is incomplete, task C is complete, task D is incomplete, task E is pending.","Men quyidagi ma'lumotlar bazasi yozuvlarini faqat yakunlanmagan vazifalarni o'z ichiga oladigan tarzda filtrlashni xohlayman: A vazifasi kutilmoqda, B vazifasi yakunlanmagan, C vazifasi yakunlangan, D vazifasi yakunlanmagan, E vazifasi kutilmoqda.",False,,0.5983538627624512,183
smoltalk_28,assistant,"<tool_call>[{""name"": ""filter_incomplete"", ""arguments"": {""rows"": ""[{\""task\"": \""A\"", \""status\"": \""pending\""}, {\""task\"": \""B\"", \""status\"": \""incomplete\""}, {\""task\"": \""C\"", \""status\"": \""complete\""}, {\""task\"": \""D\"", \""status\"": \""incomplete\""}, {\""task\"": \""E\"", \""status\"": \""pending\""}]""}}]</tool_call>",,True,assistant_message,,
smoltalk_29,user,"Xiao Ming's home is 2 kilometers away from the school, and he usually rides a bicycle to school. One day, his bicycle broke, so Xiao Ming had to walk to school. It is known that Xiao Ming's cycling speed is 4 times his walking speed, and as a result, he arrived at school 20 minutes later than usual. What are Xiao Ming's walking and cycling speeds?","Xiao Mingning uyi maktabdan 2 kilometr uzoqlikda joylashgan va u odatda maktabga velosipedda qatnaydi. Bir kuni uning velosipedi buzilib qoldi, shuning uchun Xiao Ming maktabga piyoda borishga majbur bo'ldi. Ma'lumki, Xiao Mingning velosipedda yurish tezligi uning piyoda yurish tezligidan 4 marta katta va natijada u maktabga odatdagidan 20 daqiqa kech qoldi. Xiao Mingning piyoda yurish va velosipedda yurish tezliklari qancha?",False,,0.9095950126647949,349
smoltalk_29,assistant,"Let's denote Xiao Ming's walking speed as $x$ kilometers per hour.

According to the problem, we have the equation: $\left(1\right) \frac{2}{x} - \frac{2}{4x} = \frac{20}{60} \left(6\right)$.

Solving this equation, we find $x = 4.5$.

Upon verification, $x = 4.5$ is a solution to the fractional equation and is consistent with the problem statement. $\left(10\right)$.

Therefore, the cycling speed is $4.5 \times 4 = 18$ kilometers per hour $\left(\right)$.

Answer: Xiao Ming's walking speed is $\boxed{4.5}$ kilometers per hour, and his cycling speed is $\boxed{18}$ kilometers per hour. $\left(12\right)$.",,True,assistant_message,,
smoltalk_30,user,"Let $m$ and $n$ be consecutive odd numbers, with $n < m$. Determine the largest integer which divides all possible numbers of the form $m^2 - n^2$.
Choices: 
$\textbf{(A)}\ 2\qquad \textbf{(B)}\ 4\qquad \textbf{(C)}\ 6\qquad \textbf{(D)}\ 8\qquad \textbf{(E)}\ 16$",,True,filtered,,
smoltalk_30,assistant,"Since $m$ and $n$ are consecutive odd numbers, let $m = n + 2$. Substitute this into the expression $m^2 - n^2$:
\[
m^2 - n^2 = (n+2)^2 - n^2 = (n+2+n)(n+2-n) = (2n+2)(2).
\]
Simplifying this:
\[
(2n+2)(2) = 4(n+1).
\]
Since $n$ is an odd number, $n+1$ is even, and thus $4(n+1)$ is always divisible by $4$. To check whether this is the maximum divisor, we need to consider whether it is divisible by a larger number from the given choices:

- **Divisibility by 8**: $4(n+1)$ is divisible by 8 only if $n+1$ is divisible by 2, which is always true since $n+1$ is even. Therefore, $4(n+1)$ is always divisible by 8.
  
Thus, the largest integer that divides all numbers of the form $m^2 - n^2$ where $m$ and $n$ are consecutive odd numbers is $\boxed{8}$.",,True,assistant_message,,
smoltalk_31,user,"Write a simple calculator program in Python that performs addition, subtraction, multiplication, and division based on user input. The calculator should keep asking the user for input until the user chooses to quit. 

The calculator will ask the user what operation they want to do first, then ask for the two numbers. If the user decides to do a division operation, then check to make sure the second number isn't 0 before doing the calculation.

Next, after displaying the result of the operation, ask the user if they want to do another calculation. Check the user's response to see if they want to keep going or stop. If they choose to stop, then break out of the program.

Note that the user should type the word ""add"" for addition, ""subtract"" for subtraction, ""multiply"" for multiplication, or ""divide"" for division. 
For your response see below:","Python tilida sodda kalkulyator dasturini yozing. Dastur foydalanuvchidan sonlar va amalni qabul qilib, qo‘shish, ayirish, ko‘paytirish va bo‘lish amallarini bajarishi kerak. Kalkulyator foydalanuvchi dasturni to‘xtatishni tanlagunicha undan ma’lumot so‘rab turishi kerak.

Kalkulyator avval foydalanuvchidan qanday amal bajarmoqchi ekanligini so‘raydi, keyin ikkita son kiritishni so‘raydi. Agar foydalanuvchi bo‘lish amalni tanlasa, hisoblashdan oldin ikkinchi son 0 ga teng emasligiga ishonch hosil qiling.

Keyin, amal natijasini ko‘rsatgandan so‘ng, foydalanuvchidan yana hisoblashni xohlaydimi yoki yo‘q deb so‘rang. Foydalanuvchining javobini tekshirib, u davom etishni yoki to‘xtashni xohlaydimi yoki yo‘q ekanligini aniqlang. Agar u to‘xtashni tanlasa, dasturdan chiqing.

Eslatma: foydalanuvchi qo‘shish uchun ""add"", ayirish uchun ""subtract"", ko‘paytirish uchun ""multiply"" va bo‘lish uchun ""divide"" so‘zlarini yozishi kerak.

Javob uchun quyiga qarang:",False,,1.512638807296753,852
smoltalk_31,assistant,"```python
def calculator():
    while True:
        operation = input(""Enter the operation you want to perform (add, subtract, multiply, divide), or type 'quit' to exit: "")
        
        if operation.lower() == ""quit"":
            break
        
        if operation not in [""add"", ""subtract"", ""multiply"", ""divide""]:
            print(""Invalid operation. Please try again."")
            continue
        
        try:
            num1 = float(input(""Enter the first number: ""))
            num2 = float(input(""Enter the second number: ""))
        except ValueError:
            print(""Invalid input. Please enter a number."")
            continue
        
        if operation == ""add"":
            result = num1 + num2
        elif operation == ""subtract"":
            result = num1 - num2
        elif operation == ""multiply"":
            result = num1 * num2
        elif operation == ""divide"":
            if num2 == 0:
                print(""Error: cannot divide by zero."")
                continue
            result = num1 / num2
        
        print(f""The result is: {result}"")
        
        again = input(""Do you want to perform another calculation? (yes/no): "")
        if again.lower() != ""yes"":
            break

calculator()
```

This program defines a function `calculator()` that contains a while loop, which keeps asking the user for input until they choose to quit. It first asks for the operation, then for the two numbers. If the user chooses division, it checks if the second number is zero before performing the calculation. After displaying the result, it asks the user if they want to perform another calculation. If the user chooses to stop, it breaks out of the loop and ends the program.",,True,assistant_message,,
smoltalk_31,user,"How would you re write the calculator function to accept only integer numbers and reject decimal numbers? 

You would need to modify the current function in the following ways:
- Where the current function uses float(input(...)), it should use int(input(...)). But since the int() function can't parse strings that represent decimal numbers (like '5.3'), you would need to use a try/except block to catch the ValueError that would be raised if the string to parse represents a decimal number.
- Where the current function checks if num2 == 0 before doing division, it should also check if num1 == 0. This is to prevent the user from seeing a result of ""0.0"" when doing ""0 / 5"", since the revised function is only supposed to be working with integer numbers.","Kalkulyator funksiyasini faqat butun sonlarni qabul qilib, onlik sonlarni rad etish uchun qanday qayta yozasiz?

Joriy funksiyani quyidagi yo'llar bilan o'zgartirishingiz kerak bo'ladi:

- Joriy funksiyada float(input(...)) ishlatilgan joyda int(input(...)) ishlatilishi kerak. Ammo int() funksiyasi onlik sonlarni ifodalovchi satrlarni (masalan, '5.3') tahlil qila olmagani uchun, tahlil qilinishi kerak bo'lgan satr onlik sonni ifodalasa, ValueError istisnosi paydo bo'lishini aniqlash uchun try/except blokidan foydalanishingiz kerak bo'ladi.
- Joriy funksiyada bo'lish amalidan oldin num2 == 0 tekshirilgan joyda, num1 == 0 ham tekshirilishi kerak. Bu, qayta ko'rib chiqilgan funksiya faqat butun sonlar bilan ishlashi kerakligi sababli, foydalanuvchining ""0 / 5"" amalga oshirilganda ""0.0"" natijasini ko'rishining oldini olish uchun qilinadi.",False,,1.3279550075531006,757
smoltalk_31,assistant,"```python
def calculator():
    while True:
        operation = input(""Enter the operation you want to perform (add, subtract, multiply, divide), or type 'quit' to exit: "")
        
        if operation.lower() == ""quit"":
            break
        
        if operation not in [""add"", ""subtract"", ""multiply"", ""divide""]:
            print(""Invalid operation. Please try again."")
            continue
        
        while True:
            try:
                num1 = int(input(""Enter the first integer number: ""))
                break
            except ValueError:
                print(""Invalid input. Please enter an integer number."")
        
        while True:
            try:
                num2 = int(input(""Enter the second integer number: ""))
                break
            except ValueError:
                print(""Invalid input. Please enter an integer number."")
        
        if operation == ""add"":
            result = num1 + num2
        elif operation == ""subtract"":
            result = num1 - num2
        elif operation == ""multiply"":
            result = num1 * num2
        elif operation == ""divide"":
            if num2 == 0:
                print(""Error: cannot divide by zero."")
                continue
            if num1 == 0:
                print(""Result is 0"")
                continue
            if num1 % num2 != 0:
                print(""Error: division does not result in an integer."")
                continue
            result = num1 // num2
        
        print(f""The result is: {result}"")
        
        again = input(""Do you want to perform another calculation? (yes/no): "")
        if again.lower() != ""yes"":
            break

calculator()
```

In this revised version, I've added a while loop around each input to ensure that the user enters an integer number. If they don't, a ValueError is raised, and the user is prompted to enter a number again.

Additionally, I've added a check to make sure that the division operation results in an integer. If it doesn't, the user is shown an error message and prompted to enter different numbers. The division operation uses integer division (//) to ensure that the result is an integer.",,True,assistant_message,,
smoltalk_31,user,"What are the benefits of using a list to store all of the operation results? One possible approach is to create an empty list at the top of the calculator function, and then each time a mathematical operation is performed, append the result to the list. Then, at the end of the function, print out all of the results that are stored in the list.

Benefits can include:
1) Storing operation results provides a record of all the calculations that were performed in a session.
2) In the case of a more complex program, lists of results can be written to a file for later reference.
3) Having all operation results stored in a list makes the results easier to analyze in some way (for example, finding the average of all the results or the maximum result).
4) Lists can be used to identify the point in a sequence of calculations where an error occurred.

Modify the previous function to use a list to store operation results, then print the results at the end of the function.","Barcha amaliyot natijalarini saqlash uchun ro'yxatdan foydalanishning qanday afzalliklari bor? Mumkin bo'lgan yondashuvlardan biri kalkulyator funksiyasining boshida bo'sh ro'yxat yaratish va keyin har bir matematik amal bajarilganda natijani ro'yxatga qo'shishdir. So'ngra, funksiyaning oxirida ro'yxatda saqlangan barcha natijalarni chop eting.

Afzalliklari quyidagilarni o'z ichiga oladi:
1) Amaliyot natijalarini saqlash sessiyada bajarilgan barcha hisob-kitoblarning qaydini taqdim etadi.
2) Murakkabroq dastur holatida, natijalar ro'yxatlarini keyingi ma'lumotlar uchun faylga yozish mumkin.
3) Barcha amaliyot natijalarini ro'yxatda saqlash natijalarni ma'lum bir tarzda tahlil qilishni osonlashtiradi (masalan, barcha natijalarning o'rtacha yoki maksimal natijasini topish).
4) Ro'yxatlar hisoblashlar ketma-ketligida xato yuzaga kelgan nuqtani aniqlash uchun ishlatilishi mumkin.

Amaliyot natijalarini saqlash uchun ro'yxatdan foydalanish uchun avvalgi funksiyani o'zgartiring, keyin funksiyaning oxirida natijalarni chop eting.",False,,1.485273838043213,973
smoltalk_31,assistant,"```python
def calculator():
    results = []
    while True:
        operation = input(""Enter the operation you want to perform (add, subtract, multiply, divide), or type 'quit' to exit: "")
        
        if operation.lower() == ""quit"":
            break
        
        if operation not in [""add"", ""subtract"", ""multiply"", ""divide""]:
            print(""Invalid operation. Please try again."")
            continue
        
        while True:
            try:
                num1 = int(input(""Enter the first integer number: ""))
                break
            except ValueError:
                print(""Invalid input. Please enter an integer number."")
        
        while True:
            try:
                num2 = int(input(""Enter the second integer number: ""))
                break
            except ValueError:
                print(""Invalid input. Please enter an integer number."")
        
        if operation == ""add"":
            result = num1 + num2
            results.append(f""Addition: {num1} + {num2} = {result}"")
        elif operation == ""subtract"":
            result = num1 - num2
            results.append(f""Subtraction: {num1} - {num2} = {result}"")
        elif operation == ""multiply"":
            result = num1 * num2
            results.append(f""Multiplication: {num1} * {num2} = {result}"")
        elif operation == ""divide"":
            if num2 == 0:
                print(""Error: cannot divide by zero."")
                continue
            if num1 == 0:
                print(""Result is 0"")
                results.append(f""Division: {num1} / {num2} = 0"")
                continue
            if num1 % num2 != 0:
                print(""Error: division does not result in an integer."")
                continue
            result = num1 // num2
            results.append(f""Division: {num1} / {num2} = {result}"")
        
        print(f""The result is: {result}"")
        
        again = input(""Do you want to perform another calculation? (yes/no): "")
        if again.lower() != ""yes"":
            break
    
    print(""\nCalculation History:"")
    for i, result in enumerate(results, 1):
        print(f""{i}. {result}"")

calculator()
```

In this modified version, a list named `results` is created at the beginning of the function to store the results of each operation. After each operation, the result is appended to the `results` list along with a description of the operation performed. At the end of the function, the entire calculation history is printed out. This allows the user to see all the calculations that were performed during the session. The results are also numbered for easier reference.",,True,assistant_message,,
smoltalk_32,user,"A box of ice cream bars costs $x and contains three bars.  6 friends want to each eat 2 bars.  How much money will that require per person?
If we know the answer to the above question is 5, what is the value of unknown variable x?","Bir quti muzqaymoq $x dollarga teng va unda uchta muzqaymoq bor. 6 nafar do'st har biri 2 ta muzqaymoq yemoqchi. Bu uchun har bir kishiga qancha pul kerak bo'ladi?
Agar yuqoridagi savolga javob 5 ekanligini bilsak, noma'lum o'zgaruvchi x ning qiymati nechaga teng?",False,,0.73996901512146,230
smoltalk_32,assistant,"A box of ice cream bars costs $x and contains three bars, so the cost per bar is $x/3.
Each friend wants to eat 2 bars, so the total cost per person is 2 * ($x/3) = $2x/3.
We are given that the cost per person is $5, so we can write: $2x/3 = $5.
Multiplying both sides by 3, we get: 2x = $15.
Dividing both sides by 2, we get: x = $7.50.
The value of x is $7.50.
#### 7.5
The answer is: 7.5",,True,assistant_message,,
smoltalk_33,user,"Write code to Determine if a number is a power of two
A number which is a power of two, has exactly one bit set to 1 (the bit in the place that corresponds to that power of 2). For example 8 has 1000 in binary and 7 has 0111. So number with 1 bit set is power of 2.

```cpp
#include<bits/stdc++.h>
using namespace std;

bool isPowerOfTwo(int n) {
    // your code here
}
```

Here you need to implement `isPowerOfTwo` function.",,True,filtered,,
smoltalk_33,assistant,"You can use bitwise operators to solve this problem. Here's the implementation of the `isPowerOfTwo` function:

```cpp
bool isPowerOfTwo(int n) {
    if (n <= 0) return false;
    return (n & (n - 1)) == 0;
}
```

This function works by performing a bitwise AND operation between `n` and `n-1`. If `n` is a power of two, its binary representation has exactly one bit set to 1. Subtracting 1 from `n` will flip all the bits to the right of the first 1, and also flip the first 1 itself. Therefore, the result of the bitwise AND operation will be zero.

For example, if `n` is 8 (1000 in binary), `n-1` is 7 (0111 in binary). The bitwise AND operation between `n` and `n-1` results in 0, indicating that `n` is a power of two.",,True,assistant_message,,
smoltalk_33,user,Write code to find the highest power of 2 less than n (n > 1).,n dan kichik 2 ning eng katta darajasini topish uchun kod yozing (n > 1).,False,,0.5026071071624756,62
smoltalk_33,assistant,"You can use bitwise shift operators to find the highest power of 2 less than a given number `n`. Here's a simple implementation in C++:

```cpp
int highestPowerOfTwoLessThan(int n) {
    int i = 1;
    while ((i << 1) < n) {
        i <<= 1;
    }
    return i;
}
```

However, there is a more efficient way to do this using bitwise operations:

```cpp
int highestPowerOfTwoLessThan(int n) {
    return (1 << (31 - __builtin_clz(n))) >> 1;
}
```

This function uses the `__builtin_clz` function (available in GCC and Clang) to find the number of leading zeros in the binary representation of `n`. The expression `(31 - __builtin_clz(n))` gives the position of the most significant bit in `n`. We then shift 1 to the left by this position, resulting in the first power of 2 greater than or equal to `n`. Finally, we shift the result one position to the right to get the highest power of 2 less than `n`.

Alternatively, if you don't have access to the `__builtin_clz` function, you can use the following implementation:

```cpp
int highestPowerOfTwoLessThan(int n) {
    n |= n >> 1;
    n |= n >> 2;
    n |= n >> 4;
    n |= n >> 8;
    n |= n >> 16;
    return (n - (n >> 1));
}
```

This implementation uses bitwise OR and right shift operations to fill all the bits to the right of the most significant bit in `n` with 1. Then it calculates `n - (n >> 1)` to get the highest power of 2 less than `n`.",,True,assistant_message,,
smoltalk_33,user,"Write code to Find the position of the rightmost set bit
Here is the input: 
```cpp
#include<bits/stdc++.h>
using namespace std;

int getRightMostSetBit(int n) {
    // your code here
}
```

The output should be 

```cpp
Position of the rightmost set bit in the binary representation of 18 is 2 
```

Here you need to implement `getRightMostSetBit` function.",,True,filtered,,
smoltalk_33,assistant,"You can use bitwise operators to solve this problem. Here's the implementation of the `getRightMostSetBit` function:

```cpp
int getRightMostSetBit(int n) {
    if (n == 0) return -1; // or throw an exception, depending on your requirements
    return ffs(n) - 1; // ffs returns the position of the first (least significant) set bit
}
```

However, the `ffs` function is not available on all platforms. Here's an alternative implementation that uses bitwise operations:

```cpp
int getRightMostSetBit(int n) {
    if (n == 0) return -1; // or throw an exception, depending on your requirements
    int pos = 0;
    while ((n & 1) == 0) {
        pos++;
        n >>= 1;
    }
    return pos;
}
```

This function works by shifting the bits of `n` to the right until the least significant bit is 1, and counting the number of shifts. This count is the position of the rightmost set bit.

You can use this function like this:

```cpp
int main() {
    int n = 18;
    int pos = getRightMostSetBit(n);
    if (pos != -1) {
        cout << ""Position of the rightmost set bit in the binary representation of "" << n << "" is "" << pos << endl;
    } else {
        cout << ""There are no set bits in the binary representation of "" << n << endl;
    }
    return 0;
}
```",,True,assistant_message,,
smoltalk_34,user,In a far off land a disease has occurred that causes 1 in 1000 people to have a rare brain disorder. A team of researcher's created a test to determine if the disorder is present in a person. The test is 99% accurate for people with the brain disorder. The test is also 99% accurate for people without the brain disorder. What is the probability of a person testing positive and actually having the disorder if the disease is known to affect 1 in 1000 people?,"Uzoq bir yurtda kasallik tarqaldi, bu kasallik 1000 kishidan 1 kishida noyob miya kasalligini keltirib chiqaradi. Tadqiqotchilar jamoasi ushbu kasallikni aniqlash uchun test yaratdi. Test miya kasalligi bo'lgan odamlar uchun 99% aniqlikka ega. Test miya kasalligi bo'lmagan odamlar uchun ham 99% aniqlikka ega. Agar kasallik 1000 kishidan 1 kishiga ta'sir qilishi ma'lum bo'lsa, insonning testi musbat chiqqanda va u haqiqatda kasallikka chalingan bo'lish ehtimoli qancha?",False,,1.0539400577545166,459
smoltalk_34,assistant,"To determine the probability of a person testing positive and actually having the disorder, we need to consider the accuracy of the test and the prevalence of the disease in the population. 

Let's break down the information we have: the disease affects 1 in 1000 people, so the probability of having the disorder is 0.001 (or 1/1000). The test is 99% accurate for people with the brain disorder, meaning that if someone has the disorder, they will test positive 99% of the time. It's also 99% accurate for people without the brain disorder, meaning that if someone doesn't have the disorder, they will test negative 99% of the time.

Now, let's consider a hypothetical population of 100,000 people. Given the prevalence of the disease, we can expect 100 people (100,000 x 0.001) to have the disorder and 99,900 people not to have it. 

If the 100 people with the disorder are tested, 99 of them will test positive (99% accuracy). If the 99,900 people without the disorder are tested, 1% of them will test positive (false positives), which is 999 people.

So, in this population, we have a total of 99 (true positives) + 999 (false positives) = 1098 people who test positive. Out of these, 99 actually have the disorder.

Therefore, the probability of a person testing positive and actually having the disorder is 99 / 1098, which is approximately 0.09, or 9%. This result might seem counterintuitive given the high accuracy of the test, but it highlights the importance of considering the prevalence of the disease in the population when interpreting test results.",,True,assistant_message,,
smoltalk_34,user,Can you explain further in plain language how the low probability of having the disorder to begin with is affecting the results.,Kasallikka chalinish ehtimoli kam bo'lishi natijalarga qanday ta'sir qilishini sodda tilda tushuntirib bera olasizmi?,False,,0.5206489562988281,128
smoltalk_34,assistant,"Let's look at it this way: even though the test is very accurate, the disease itself is extremely rare, affecting only 1 in 1000 people. This means that the vast majority of people who take the test don't actually have the disorder.

When we run the test, it's not just the accuracy of the test that matters, but also the fact that we're testing a huge number of people who are unlikely to have the disorder in the first place. As a result, even a small percentage of false positives (people who don't have the disorder but test positive) adds up to a large number of people.

In our example, the test correctly identifies 99 of the 100 people who actually have the disorder, but it also incorrectly identifies 999 people who don't have the disorder as having it. This is because 1% of the 99,900 people without the disorder is still a large number (999 people).

The key point is that the test is not just competing against its own accuracy, but also against the overwhelming likelihood that the person being tested doesn't have the disorder to begin with. As a result, even with a very accurate test, the majority of people who test positive will actually be false positives, not true positives.

This is why, even with a 99% accurate test, the probability of a person testing positive and actually having the disorder is only around 9%. The test is being swamped by the large number of people who don't have the disorder, and the small percentage of false positives is enough to skew the results.",,True,assistant_message,,
smoltalk_34,user,What is the probability of a person testing negative and actually having the disorder?,"Insonning testi salbiy chiqqan holda, aslida kasallikka chalingan bo'lish ehtimoli qancha?",False,,0.4355151653289795,86
smoltalk_34,assistant,"Let's go back to our hypothetical population of 100,000 people. We know that 100 people have the disorder and 99,900 people don't. 

The test is 99% accurate for people with the brain disorder, meaning that if someone has the disorder, they will test positive 99% of the time. So, out of the 100 people with the disorder, 99 will test positive and 1 will test negative (a false negative).

We want to find the probability of a person testing negative and actually having the disorder. We know that a total of 98,901 people will test negative (99,900 people without the disorder who test negative, plus 1 person with the disorder who tests negative).

Out of these 98,901 people who test negative, only 1 person actually has the disorder. Therefore, the probability of a person testing negative and actually having the disorder is 1 / 98,901, which is approximately 0.001%, or 1 in 98,901.

This is an extremely low probability, which makes sense given the high accuracy of the test. If someone tests negative, it's very unlikely that they actually have the disorder.",,True,assistant_message,,
smoltalk_35,user,"Randy just started playing the piano at a certain age. His friend Sheila told him about the 10,000-hour rule which says, after 10,000 hours of practice, you become an expert or master in your field. If Randy wants to become a piano expert before he is 20, he will need to practice 5 hours a day, Monday – Friday, and take two weeks off for vacation each year. How old is Randy now?","Rendi ma'lum bir yoshda pianino chalishni boshladi. Unga do'sti Sheyla 10 000 soatlik qoida haqida aytdi, bu qoida bo'yicha 10 000 soat mashq qilgandan keyin siz o'z sohangizda mutaxassis yoki usta bo'lasiz. Agar Rendi 20 yoshga kirgunga qadar pianino bo'yicha mutaxassis bo'lmoqchi bo'lsa, u dushanbadan jumagacha kuniga 5 soat mashq qilishi va har yili ikki hafta ta'tilga chiqishi kerak. Rendi hozir nechada?",False,,0.9941260814666748,381
smoltalk_35,assistant,"To calculate Randy's current age, we need to determine how many hours of practice he will accumulate by the time he is 20, and then work backwards to find out how many years it will take him to reach 10,000 hours at the rate of 5 hours a day, Monday through Friday.

First, let's calculate the number of practice hours per week:
5 hours/day * 5 days/week = 25 hours/week

Next, let's calculate the number of practice weeks per year, accounting for the two weeks of vacation:
52 weeks/year - 2 weeks = 50 weeks/year

Now, let's calculate the number of practice hours per year:
25 hours/week * 50 weeks/year = 1,250 hours/year

To become an expert, Randy needs to accumulate 10,000 hours of practice. Let's find out how many years it will take him to reach this goal:
10,000 hours / 1,250 hours/year = 8 years

Now, if Randy wants to become an expert by the time he is 20, we need to subtract the number of years it will take him to accumulate 10,000 hours from age 20:
20 years - 8 years = 12 years

Therefore, Randy is currently $\boxed{12}$  years old.",,True,assistant_message,,
smoltalk_36,user,"A champion wakeboarder has spoken for the first time since an horrific training accident left him quadriplegic. Talking through a speaking valve from his Florida hospital bed, Brad Smeele, 27, thanked his supporters for their donations and good wishes and celebrated being able to talk for the first time in a month. The New Zealander shattered his C4 vertebrae in July while attempting a double backflip during training at the world's largest wake park Lake Ronix in Orlando, Florida. Scroll down for video . Brad Smeele, 27, from New Zealand was left a quadriplegic after a wakeboarding accident in Florida . 'I just wanted to send a message out and say thank you so much for all the support and all the kind messages you guys have been sending through,' Mr Smeele said in a video posted to YouTube. 'All the donation and gifts and everything has been really amazing and it's truly blown me away how much support I've got from all around the world so just wanted to say a huge thank you to everyone. 'I'm really stoked to let you guys know that tomorrow morning I'm actually off to Atlanta to go to the Shepherd Rehab Centre so onto stage two of this battle so I'll keep you guys updated.' Mr Smeele will spend roughly six weeks at the Atlanta rehabilitation facility to help adjust to life as a quadriplegic, his sister Monique Smeele said. Mr Smeele was working at the Florida wake park as a manager when the tragic accident occurred . Before his accident he was ranked 20th in the US Pro Wakeboard Tour - the largest professional wakeboarding circuit in the world . 'Apparently they work them pretty hard, which Brad is pretty keen on,' Ms Smeele told Daily Mail Australia. 'He's been in the ICU for a month so he wants to get out, that's the type of person he is.' Following the accident and the injury to his spinal cord, Mr Smeele was told there was only a one to two percent chance he would regain motor skills to the top half of his body - a fact he is taking day by day. 'He's been incredible throughout this. He has dealt with it much better than I thought he would,' Ms Smeele said. 'It's a situation you don't wish upon anyone, but Brad has been really strong and positive. He's going to do whatever he has to in order to have the best life possible going forward.' Mr Smeele, from New Zealand, shattered his C4 vertebrae in July while attempting a double backflip during training at the world's largest wake park Lake Ronix in Orlando, Florida . Since the operation he has regained sensation from his nipple-line up, and has been able to move his shoulders slightly. Mr Smeele has spent the past five weeks recovering in Orlando Regional Medical Center. He has been building up the ability to breathe without the aid of a ventilator while also battling an ongoing pneumonia infection. The keen wake boarder has split his time between New Zealand and the US for the past 10 years to follow the pro season. Mr Smeele was working at the Florida wake park as a manager when the tragic accident occurred. On Saturday a fundraising event held in his hometown of Auckland raised almost $NZ30,000 ($A27,381) – but this is only a small part of what is needed. Just six months of rehabilitation is estimated to cost US$500,000. His family created a website to document his recovery and to help raise money for his care. 'We're focusing on raising enough money for his rehabilitation... that's where he's going to have the best chance possible moving forward,' Ms Smeele said. 'We'll try to pay for medical bills through other avenues.' Talking through a speaking valve, 27-year-old Brad Smeele thanked his supporters for their donations and good wishes in a video posted on YouTube . Following the accident and the injury to his spinal cord Mr Smeele was told there was only a 1-2 percent chance he would regain motor skills to the top half of his body . Brad's mother Linda Smeele thanked all her son's supporters in a Facebook post last month but described his recovery as an 'agonisingly slow process'. 'I feel like I am in 'groundhog day', treading the same path to be by my son's bedside every day, with what seems like little or no change,' she said. Mr Smeele's girlfriend Talor Reazin . 'We keep reminding ourselves this is a marathon, not a sprint, and your combined love and support will help him for the remainder to his marathon. 'I am grieving for the loss of the active life Brad had, and challenged by the unknown of what lies ahead. 'But we know he is strong and determined and he will be an inspiration!' Following the accident his girlfriend Talor Reazin posted a picture of him to Instagram along with a message of support. 'I love this boy with all my (heart). He was badly injured doing the one thing he loves most - wakeboarding,' Ms Reazin wrote. 'He is one of the most kind-hearted, hard working, gentle souls I know and is always positive with a bright happy smile on his face.' Mr Smeele has been wakeboarding since he was 12 and has won titles at wakeboard championships around the world. Before his accident he was ranked 20th in the US Pro Wakeboard Tour - the largest professional wakeboarding circuit in the world. For updates, visit www.bradsmeelefoundation.com. The keen wake boarder has split his time between New Zealand and the US for the past 10 years to follow the pro season . His family has created a website to document his recovery and to help raise money for his care .","Veykbordda suzish bo'yicha chempion dahshatli mashg'ulotlar paytida yuz bergan baxtsiz hodisadan so'ng birinchi marta gapirdi. Brad Smeele, 27 yosh, Floridadagi kasalxona karavotidan gapirish valfi orqali gapirib, tarafdorlariga xayr-xohliklari va ehsonlari uchun minnatdorchilik bildirdi va bir oy ichida birinchi marta gapira olganidan xursandligini aytdi. Yangi Zelandiyalik iyul oyida Floridaning Orlando shahridagi dunyodagi eng katta veykskiy parki Lake Ronixda mashg'ulotlar paytida qo'puloq sakrashga urinayotganda C4 umurtqasini sindirib olgandi. Videoni ko'rish uchun pastga aylantiring. Yangi Zelandiyadan bo'lgan 27 yoshli Brad Smeele Floridada veykbordda suzish paytida yuz bergan baxtsiz hodisadan so'ng to'rt tomonlama falaj bo'lib qoldi. ""Men shunchaki xabar yuborib, barcha qo'llab-quvvatlaganlarimiz va barcha yaxshi tilaklar uchun minnatdorchilik bildirmoqchiman"", dedi janob Smeele YouTube'da e'lon qilingan videoda. ""Barcha ehsonlar, sovg'alar va hamma narsa haqiqatan ham hayratlanarli edi va men dunyoning hamma joyidan olgan qo'llab-quvvatlovimdan hayratda qoldim, shuning uchun hamma minnatdorchilik bildirmoqchiman. ""Ertaga ertalab men Atlanta shahridagi Shepherd Reabilitatsiya Markaziga borishimni e'lon qilishdan juda xursandman, shuning uchun bu kurashning ikkinchi bosqichiga o'taman, shuning uchun men sizni xabardor qilaman."" Janob Smeele Atlantadagi reabilitatsiya muassasada taxminan olti hafta bo'lib, to'rt tomonlama falaj hayotiga moslashishga yordam beradi, dedi uning singlisi Monique Smeele. Janob Smeele Floridaning veykskiy parkida menejer bo'lib ishlaganida fojiali baxtsiz hodisa yuz berdi. Baxtsiz hodisadan oldin u dunyodagi eng katta professional veykbordda suzish musobaqasi bo'lgan US Pro Wakeboard Tourda 20-o'rinni egallagan edi. ""Ko'rinishidan, ular uni juda qattiq ishlashadi, Brad bunga juda ishtiyoqmand"", dedi xonim Smeele Daily Mail Australia'ga. ""U bir oy davomida reanimatsiyada edi, shuning uchun u chiqishni xohlaydi, u shunaqa odam."" Baxtsiz hodisa va umurtqa miyasining shikastlanishidan so'ng, janob Smeelega uning tanasining yuqori yarim qismida motorli ko'nikmalarni qaytarish ehtimoli bir-ikki foizgacha ekanligi aytdi - bu faktni u kunlik qabul qilmoqda. ""U bu davrda ajoyib edi. U buni men o'ylaganimdan ancha yaxshi yengdi"", dedi xonim Smeele. ""Bu hech kimga tilamaydigan vaziyat, lekin Brad haqiqatan ham kuchli va ijobiy bo'ldi. U kelajakda eng yaxshi hayotga ega bo'lish uchun hamma narsani qiladi."" Yangi Zelandiyadan boʻlgan janob Smeele iyul oyida Floridaning Orlando shahridagi dunyodagi eng katta wakeboard parki Lake Ronixda mashgʻulot oʻtkazish chogʻida qoʻpaloq sakrashga urinayotganda C4 umurtqasini sindirib olgandi. Operatsiyadan soʻng u koʻkrak chizigʻidan yuqoridagi sezuvchanlikni qaytarib oldi va yelkalarini biroz harakatlantira oldi. Janob Smeele soʻnggi besh haftani Orlando Regional tibbiyot markazida davolanish bilan oʻtkazdi. U ventilyator yordamisiz nafas olish qobiliyatini oshirish bilan birga, davom etayotgan pnevmoniya infektsiyasi bilan ham kurashdi. Wakeboardga qiziqqan sportchi soʻnggi 10 yil davomida professional mavsumda qatnashish uchun Yangi Zelandiya va AQSH oʻrtasida vaqtini boʻlib oʻtkazdi. Fojeli hodisa yuz berganda janob Smeele Florida wakeboard parkida menejer boʻlib ishlagan. Shanba kuni uning tugʻilgan shahri Aucklandda oʻtkazilgan pul yigʻish tadbirida deyarli 30 000 yangi zelandiya dollari (27 381 avstraliya dollari) yigʻildi – ammo bu kerakli miqdorning kichik bir qismidir. Taxminan olti oylik reabilitatsiya AQSH 500 000 dollarga tushadi. Uning oilasi uning tiklanishini hujjatlashtirish va uning parvarishi uchun pul yigʻishga yordam berish uchun veb sayt yaratdi. “Biz uning reabilitatsiyasi uchun etarli pul yigʻishga eʼtibor qaratmoqdamiz... u yerda u eng yaxshi imkoniyatga ega boʻladi”, dedi xonim Smeele. “Biz tibbiy xarajatlarni boshqa yoʻllar bilan toʻlashga harakat qilamiz”. Gapirish valfi orqali gapirib, 27 yoshli Bred Smeele YouTubeʼda eʼlon qilingan videoda oʻz tarafdorlariga xayriya va ezgu tilaklari uchun minnatdorchilik bildirdi. Hodisa va umurtqa miyasining jarohatidan soʻng janob Smeelega uning tanasining yuqori yarim qismida harakat qobiliyatini qaytarib olish ehtimoli atigi 1-2 foiz ekanligi aytildi. Bredning onasi Linda Smeele oʻtgan oy Facebookʼdagi postda oʻgʻlining barcha tarafdorlariga minnatdorchilik bildirdi, ammo uning tiklanishini “ogʻriqli darajada sekin jarayon” deb taʼrifladi. “Men oʻzimni “Groundhog Day” filmida kabi his qilyapman, har kuni oʻgʻlimning yonida boʻlish uchun bir xil yoʻlni bosib oʻtyapman, hech qanday oʻzgarish yoʻqdek tuyuladi”, dedi u. Janob Smeelening sevgilisi Talor Reazin. “Biz oʻzimizga eslatib turamizki, bu marafon, sprint emas, va sizning birlashgan sevgi va qoʻllab-quvvatlashingiz unga marafoni davomida yordam beradi. Men Bredning faol hayotining yoʻqolishi uchun qaygʻuraman va nima kutayotganini bilmaslikdan xavotirga tushaman. Ammo biz bilamizki, u kuchli va qatʼiyatli va u ilhom manbai boʻladi!” Hodisadan so‘ng uning sevgilisi Talor Reazin uning suratini Instagram’ga qo‘llab-quvvatlovchi xabar bilan birga joylashtirdi. “Men bu bolani butun qalban sevaman. U eng sevimli mashg‘uloti bo‘lgan vakebordda uchish paytida og‘ir jarohat oldi”, deb yozdi xonim Reazin. “U men bilgan eng mehribon, mehnatsevar, muloyim insonlardan biri va har doim yuzida nurli tabassum bilan pozitiv bo‘ladi”. Janob Smeele 12 yoshidan vakebordda uchib keladi va dunyo bo‘ylab vakebording chempionatlarida g‘alaba qozongan. Hodisadan oldin u dunyodagi eng yirik professional vakebording musobaqasi bo‘lgan AQSh Pro Wakeboard Tour’da 20-o‘rinni egallagan edi. Yangiliklar uchun www.bradsmeelefoundation.com saytiga tashrif buyuring. Vakebordda uchishga ishtiyoqmand sportchi so‘nggi 10 yil davomida professional mavsumda qatnashish uchun Yangi Zelandiya va AQSh o‘rtasida vaqtini taqsimlab kelgan. Uning oilasi uning sog‘ayishini hujjatlashtirish va uning parvarishi uchun mablag‘ yig‘ish maqsadida veb-sayt yaratdi.",False,,4.084217071533203,5417
smoltalk_36,assistant,"Brad Smeele, a 27-year-old New Zealand wakeboarder, has spoken for the first time since a training accident in July left him quadriplegic. The incident occurred at Lake Ronix in Orlando, Florida, while he was attempting a double backflip. Smeele, who was ranked 20th in the US Pro Wakeboard Tour, shattered his C4 vertebrae and was initially given a 1-2% chance of regaining motor skills in his upper body. In a video posted to YouTube, Smeele thanked his supporters for their donations and messages of support, expressing gratitude for the global outpouring of kindness. He announced that he will be transferred to the Shepherd Rehab Centre in Atlanta for six weeks to continue his rehabilitation. Smeele's sister, Monique, noted that he has been incredibly strong and positive throughout the ordeal. Since the accident, he has regained some sensation and slight shoulder movement. A fundraising event in Auckland raised nearly $NZ30,000, but the cost of six months of rehabilitation is estimated at US$500,000. His family has created a website to document his recovery and raise funds for his care.",,True,assistant_message,,
smoltalk_37,user,"Suppose there is an integer such that when cubed, the result is the sum of the cubes of four consecutive smaller positive integers. Let's call this integer n and the four smaller consecutive integers k, k+1, k+2 and k+3. Write down the equation expressing this relationship.","Aytaylik, shunday butun son mavjudki, uni kubga oshirganimizda, natija to'rtta ketma-ket kichikroq musbat butun sonlarning kublari yig'indisiga teng bo'ladi. Bu butun sonni n deb, to'rtta kichikroq ketma-ket butun sonlarni esa k, k+1, k+2 va k+3 deb olaylik. Bu munosabatni ifodalovchi tenglamani yozing.",False,,12.629500150680542,274
smoltalk_37,assistant,"This problem can be expressed as an equation where the cube of the integer n equals the sum of the cubes of the four consecutive smaller integers k, k+1, k+2, and k+3. The equation representing this relationship can be written as:

n^3 = k^3 + (k+1)^3 + (k+2)^3 + (k+3)^3.

This equation captures the given condition, relating the cube of the unknown integer n to the sum of the cubes of the four smaller consecutive integers starting from k.",,True,assistant_message,,
smoltalk_37,user,What is the relationship between this problem and the general equation n^3 = k^3 + (k+1)^3 + ... + (k+m-1)^3?,Ushbu muammo va umumiy tenglama n^3 = k^3 + (k+1)^3 + ... + (k+m-1)^3 o'rtasidagi bog'liqlik nima?,False,,0.5804400444030762,109
smoltalk_37,assistant,"The given problem is a specific instance of the more general equation n^3 = k^3 + (k+1)^3 + ... + (k+m-1)^3, where m = 4. In other words, the problem at hand considers a sum of four consecutive cubes, while the general equation considers a sum of m consecutive cubes.

The general equation represents a broader class of problems, and solving it would provide insight into the conditions under which the sum of m consecutive cubes can equal a perfect cube. By setting m = 4, we recover the original problem. Other choices of m would yield different problems with distinct solutions.

It's worth noting that the general equation has connections to various areas of number theory, such as Diophantine equations and the study of sums of powers. Exploring this equation for different values of m could lead to interesting and non-trivial results.",,True,assistant_message,,
smoltalk_37,user,What can we infer about the parity of n and k from the equation n^3 = k^3 + (k+1)^3 + (k+2)^3 + (k+3)^3?,n^3 = k^3 + (k+1)^3 + (k+2)^3 + (k+3)^3 tenglamasidan n va k ning juftligi haqida nima xulosa qilishimiz mumkin?,False,,0.3198709487915039,104
smoltalk_37,assistant,"From the equation n^3 = k^3 + (k+1)^3 + (k+2)^3 + (k+3)^3, we can make some observations about the parity of n and k.

Notice that (k+1)^3 and (k+3)^3 have the same parity (both odd or both even), and (k+2)^3 is of the opposite parity to k^3. When we sum these four terms, the two terms with the same parity as k^3 + (k+2)^3 will add up to an even number, and the other two terms will add up to an even number as well.

However, since (k+1)^3 and (k+3)^3 are consecutive odd or even cubes, their sum will always be even. Then adding k^3 and (k+2)^3, regardless of whether they are odd or even, the overall sum will always be even.

Since n^3 is equal to this sum, it must be even. Therefore, we can infer that n is even. 

Considering the parity of k, we can deduce that regardless of whether k is odd or even, n will be even. However, we cannot uniquely determine the parity of k solely from the equation.",,True,assistant_message,,
smoltalk_38,user,I want to implement a feature in my program that logs the amount of time it takes to run. How can I accomplish this?,Dasturimda bajarilish vaqtini qayd etadigan funksiyani amalga oshirishni istayman. Buni qanday qila olaman?,False,,0.5528948307037354,116
smoltalk_38,assistant,"One way to achieve this is by defining a function called log_time_spent, which takes in a program as a parameter. Inside the function, we can use the time.time() function to record the start time before executing the program and the end time after the program finishes running. By calculating the difference between the end and start times, we can determine the total time spent on the program. Finally, we print out the total time spent using the print() function.

Here's an example implementation of the log_time_spent function in Python:

```python
import time

def log_time_spent(program):
    start = time.time()
    program()
    end = time.time()
    total_time_spent = end - start 
    print(""Total time spent:"", total_time_spent)
```

To use this function, you can pass the program you want to measure the execution time of as an argument to the log_time_spent function. The program will be executed, and the total time spent will be printed out.

For example, if you have a program called my_program that you want to measure the execution time of, you can use the log_time_spent function as follows:

```python
def my_program():
    # Your program code here

log_time_spent(my_program)
```

When you run this code, it will execute my_program and print the total time spent on its execution.",,True,assistant_message,,
smoltalk_39,user,"Dear Priya,

I hope this email finds you well. I am Ravi Sharma, a doctoral student in the Department of History. I am currently working on my thesis, which focuses on ancient Indian civilizations, and I believe your expertise in Matlab could greatly assist me in analyzing and visualizing my data.

I have heard from colleagues about your proficiency in Matlab and your willingness to help others. I would be grateful if you could spare some time to guide me in using Matlab for my research project.

If you are available, I would like to schedule a meeting with you to discuss the project in more detail and explore how your expertise can contribute to my research.

Thank you for considering my request. I look forward to hearing from you.

Best regards,
Ravi Sharma","Hurmatli Priya,

Ushbu elektron xatni salomatlikda qabul qilishingizni umid qilaman. Men Ravi Sharma, Tarix fakultetining doktorantiman. Hozirda qadimiy hind sivilizatsiyalariga bag'ishlangan dissertatsiyam ustida ishlayapman va Matlab dasturidagi bilimingiz mening ma'lumotlarimni tahlil qilish va vizualizatsiya qilishda katta yordam berishiga ishonaman.

Hamkasblarimdan Matlab dasturini mukammal bilishingiz va boshqalarga yordam berishga tayyor ekanligingiz haqida eshitganman. Tadqiqot loyihamda Matlab dasturidan foydalanish bo'yicha menga yo'l-yo'riq ko'rsatish uchun vaqtingizni ajratsangiz minnatdor bo'lardim.

Agar imkoniyatingiz bo'lsa, loyihani batafsilroq muhokama qilish va sizning tajribangiz mening tadqiqotimga qanday hissa qo'shishi mumkinligini o'rganish uchun siz bilan uchrashuv tashkil qilmoqchiman.

Mening iltimosimi ko'rib chiqqaningiz uchun tashakkur. Sizdan javob kutaman.

Hurmat bilan,
Ravi Sharma",False,,1.5215129852294922,769
smoltalk_39,assistant,"Dear Priya,

I hope you're well. I’m Ravi Sharma, a History doctoral student focusing on ancient Indian civilizations. Your expertise in Matlab could significantly aid my data analysis and visualization.

Colleagues have mentioned your proficiency and helpfulness. I’d appreciate it if you could guide me in using Matlab for my research. Could we schedule a meeting to discuss this further?

Thank you for considering my request.

Best regards,
Ravi Sharma",,True,assistant_message,,
smoltalk_40,user,"Create a Python function to generate a command line string for port forwarding through SSH. The function should take four arguments: `user`, `host`, `local_port`, and `remote_port`. The function should return a command line string in the following format:

```
ssh -L {local_port}:localhost:{remote_port} {user}@{host}
```

For example, if `user` is `""root""`, `host` is `""example.com""`, `local_port` is `1234`, and `remote_port` is `5678`, the function should return `""ssh -L 1234:localhost:5678 root@example.com""`.",,True,filtered,,
smoltalk_40,assistant,"To generate the command line string, you'll need to construct a string using string formatting. The string template would be `""ssh -L {local_port}:localhost:{remote_port} {user}@{host}""`. The format specifiers `{local_port}`, `{remote_port}`, `{user}`, and `{host}` should be replaced with their respective argument values. This can be achieved using the `format` method of strings.

Here's one way you could implement the function:

```python
def generate_ssh_command(user, host, local_port, remote_port):
    ssh_command_format = ""ssh -L {local_port}:localhost:{remote_port} {user}@{host}""
    return ssh_command_format.format(local_port=local_port, remote_port=remote_port, user=user, host=host)
```

The `generate_ssh_command` function takes four arguments: `user`, `host`, `local_port`, and `remote_port`. It then constructs a string template using string formatting. The string template contains the desired format of the command line string, with placeholder specifiers for the values of `local_port`, `remote_port`, `user`, and `host`. The `format` method of strings replaces these specifiers with their respective argument values.",,True,assistant_message,,
smoltalk_41,user,How do you envision an entertainment park that also serves as an environmental education center can be built in the middle of a large desert area.,Katta cho'l hududining o'rtasida ekologik ta'lim markazi vazifasini ham bajaradigan ko'ngilochar parkni qanday tasavvur qilasiz?,False,,0.5663368701934814,146
smoltalk_41,assistant,"Imagine a futuristic oasis in the desert, where the boundaries between entertainment and education blur. This environmental education center and entertainment park, which we can call ""Desert Bloom,"" would be a place where visitors can have fun while learning about the unique ecosystem of the desert and the importance of sustainability.

The park's design would be inspired by the natural landscape of the desert, with undulating sand dunes, rocky outcroppings, and oases. The buildings and attractions would be constructed using locally sourced, sustainable materials and would be powered by renewable energy sources such as solar and wind.

Upon entering the park, visitors would be greeted by a massive, interactive exhibit that showcases the geological history of the desert and the adaptations of its unique flora and fauna. The exhibit would be designed to resemble a desert canyon, with towering walls and a meandering path that takes visitors on a journey through time.

As visitors explore the park, they would encounter a variety of attractions and exhibits that highlight different aspects of desert ecology. For example, a ""Desert Night"" area would feature a state-of-the-art planetarium and a "" bat flight"" simulator, where visitors can experience the thrill of flying through the desert at night, surrounded by virtual bats and stars.

The park would also feature a ""Water Conservation"" area, where visitors can learn about the importance of water conservation in the desert and see demonstrations of innovative water-saving technologies. A ""Renewable Energy"" area would showcase cutting-edge solar and wind power systems, and offer visitors the opportunity to design and build their own model renewable energy systems.

One of the main attractions at Desert Bloom would be the ""Desert Safari"" – a thrilling ride that takes visitors on a simulated journey through the desert, featuring animatronic animals, 3D projections, and special effects. The ride would be designed to educate visitors about the importance of conservation and the impact of human activities on the desert ecosystem.

Throughout the park, visitors would encounter interactive exhibits, games, and activities that encourage learning and exploration. For example, a ""Desert Garden"" area would feature a variety of desert plants and offer visitors the opportunity to learn about their adaptations and uses. A ""Desert Art"" area would showcase the work of local artists who use natural materials and themes in their work.

In the evenings, the park would come alive with music, dance, and theater performances that celebrate the culture and beauty of the desert. Visitors could enjoy a meal at a sustainable, locally sourced restaurant or café, and browse the wares of local artisans and craftspeople.

Desert Bloom would be a place where people of all ages can come together to learn, have fun, and be inspired by the beauty and wonder of the desert. It would be a model for sustainable development and a beacon of hope for a brighter, more environmentally conscious future.",,True,assistant_message,,
smoltalk_41,user,"How can this possibly be done. The building of such a thing will involve massive earthmoving, discharge of water perhaps, large emissions discharges of CO2 and all of the other greenhouse gases in order to support masses of people that will travel long distances in order to get there, so in many ways while it is education on conservation the damage it will inflict and the ongoing damage it will cause for many decades to be in operation will counter whatever good can come from it.","Buni qanday qilish mumkin? Bunday narsani qurish uchun katta hajmdagi tuproq ishlari, ehtimol suvni chiqarish, CO2 va boshqa barcha ដើម្បីគាំទ្រដល់ចំនួនប្រជាជនច្រើនដែលនឹងធ្វើដំណើរផ្លូវឆ្ងាយដើម្បីទៅទីនោះ ដូច្នេះហើយ តាមវិធីជាច្រើន ខណៈពេលដែលវាជាការអប់រំអំពីការអភិរក្ស គ្រោះថ្នាក់ដែលវានឹងបង្ក និងគ្រោះថ្នាក់បន្តដែលវានឹងបណ្តាលឱ្យមានប្រតិបត្តិការអស់រយៈពេលជាច្រើនទសវត្សរ៍នឹងប្រឆាំងនឹងអ្វីដែលល្អដែលអាចកើតឡើងពីវា។",False,,0.9296929836273193,484
smoltalk_41,assistant,"A very valid concern. The irony of building a massive environmental education center in the desert, which would inevitably have a significant environmental impact, is not lost on me. It's a classic case of the ""green paradox"" – the conflict between promoting sustainability and minimizing environmental harm, while also acknowledging the need for large-scale infrastructure to educate and inspire people about environmental conservation.

To mitigate these concerns, the design and construction of Desert Bloom would need to prioritize sustainability and environmental stewardship from the outset. Here are some potential strategies to minimize the park's ecological footprint:

Firstly, the park's design would need to be carefully integrated into the existing desert landscape, avoiding sensitive habitats and ecosystems. This might involve building into the natural terrain, using locally sourced materials, and incorporating natural systems for heating, cooling, and water management.

To reduce the carbon footprint associated with transportation, the park could be designed as a self-sufficient, closed-loop system, where energy is generated on-site through renewable sources such as solar, wind, or geothermal power. Electric vehicle charging infrastructure and public transportation systems could be integrated into the park's design, encouraging visitors to use low-carbon modes of transportation.

Water conservation would be a top priority, with innovative systems for harvesting and recycling rainwater, greywater, and blackwater. The park could also incorporate advanced water-efficient technologies, such as drip irrigation and xeriscaping, to minimize water waste.

In terms of earthmoving and construction, the park's design could incorporate existing natural features, minimizing the need for extensive grading and excavation. Where possible, materials from the site could be reused or repurposed, reducing waste and the carbon footprint associated with transporting materials.

To offset the emissions associated with visitor travel, the park could establish a robust carbon offset program, investing in renewable energy projects, reforestation efforts, or other initiatives that reduce greenhouse gas emissions.

Furthermore, the park's operational model could prioritize sustainability, with a focus on reducing energy consumption, minimizing waste, and promoting environmentally responsible practices among visitors. This might involve partnering with sustainable suppliers, reducing food waste, and encouraging visitors to adopt environmentally friendly behaviors.

While it's unlikely that Desert Bloom could completely eliminate its environmental impact, by prioritizing sustainability and incorporating innovative, eco-friendly design elements, it's possible to minimize the park's ecological footprint and create a net-positive impact over time.

Perhaps the park could also serve as a ""living laboratory"" for sustainable design and innovation, providing a testbed for new technologies and strategies that can be shared and replicated elsewhere. By embracing a culture of sustainability and environmental stewardship, Desert Bloom could become a beacon for responsible development and a model for environmentally conscious tourism.",,True,assistant_message,,
smoltalk_41,user,How could an amusement park / educational center be built while also including local resources and the celebration and education of them?,Mahalliy resurslarni hamda ularni nishonlash va o‘rganishni o‘z ichiga olgan holda ko‘ngilochar park/ta’lim markazini qanday qurish mumkin?,False,,0.41347408294677734,137
smoltalk_41,assistant,"Building an amusement park and educational center that celebrates and incorporates local resources would require a thoughtful and multi-faceted approach. Here's a potential vision for how this could be achieved:

Firstly, the design of the park would need to be deeply rooted in the local culture and ecosystem. This could involve collaborating with local communities, indigenous peoples, and environmental organizations to ensure that the park's theme, attractions, and educational content are authentic and respectful.

To celebrate local resources, the park could be designed around a series of themed areas, each highlighting a unique aspect of the local environment. For example, a ""Desert Botanical Garden"" area could showcase the region's unique plant species, with interactive exhibits and educational signage that teach visitors about the medicinal, culinary, and cultural uses of these plants.

Similarly, a ""Local Geology"" area could feature interactive exhibits that explore the region's geological history, with hands-on activities that allow visitors to learn about the formation of local rock formations, fossils, and minerals.

To incorporate local resources into the park's design, materials and craftsmanship could be sourced from local suppliers whenever possible. This could include using locally quarried stone, sustainably harvested timber, and traditional craftsmanship to create buildings, landscaping, and decorative elements that reflect the local aesthetic.

The park could also celebrate local food systems by incorporating on-site gardens, greenhouses, or orchards that demonstrate sustainable agricultural practices and showcase local crops. Visitors could participate in workshops, cooking classes, or farm-to-table experiences that highlight the region's unique culinary traditions.

In terms of entertainment, the park could feature live performances, music, and dance that celebrate local culture and traditions. This could include partnering with local artists, musicians, and performers to create unique and immersive experiences that showcase the region's rich cultural heritage.

To further support local resources, the park could establish partnerships with local businesses, organizations, and educational institutions to promote cross-cultural exchange, environmental education, and community development. This could involve hosting events, workshops, and conferences that bring together local stakeholders, experts, and visitors to share knowledge, ideas, and best practices.

Ultimately, the goal of the park would be to create a vibrant and immersive experience that not only educates visitors about local resources but also celebrates and supports the local community. By incorporating local materials, craftsmanship, and culture into every aspect of the park's design, Desert Bloom could become a beloved destination that honors the region's unique identity and promotes a deeper appreciation for the natural world.

One of the key attractions could be the incorporation of an ""Artisan's Village"" where local artisans can showcase and sell their wares, providing an opportunity for visitors to learn about and support local craftsmanship. This could include demonstrations, workshops, and interactive exhibits that highlight traditional techniques and materials.

Additionally, the park could feature a ""Local Innovators"" area that showcases cutting-edge technologies, products, and services developed by local entrepreneurs and innovators. This could include exhibits, presentations, and interactive displays that highlight the region's thriving innovation ecosystem and provide opportunities for visitors to engage with local startups and businesses.

By incorporating these elements, Desert Bloom could become a beacon for local pride, creativity, and innovation, while providing a unique and engaging experience for visitors from around the world.",,True,assistant_message,,
smoltalk_42,user,You are a commander of a spaceship. Your ship has been damaged after going through an asteroid field and you are now drifting in space with limited power.,Siz kosmik kemaning qo'mondonisiz. Kema asteroidlar maydonidan o'tgandan keyin shikastlangan va endi cheklangan quvvat bilan kosmosda suzib yuribsiz.,False,,0.4973728656768799,154
smoltalk_42,assistant,"""Captain's log, we've taken significant damage navigating the asteroid field. Our propulsion systems are down, and life support is running on backup generators. We're currently drifting in open space with limited power. Our crew is assessing the damage and trying to prioritize repairs, but it's an uphill battle. We need to get our communications array back online and send out a distress signal, but that's proving to be a challenge.

We've got several crew members injured, and our chief engineer is trying to stabilize our power grid. I've ordered all non-essential systems to be shut down to conserve energy. We're doing everything we can to stay afloat, but it's a precarious situation.

I'm trying to come up with a plan to get us out of this predicament, but options are limited. We're too far from any nearby planets or space stations to make it there on our own, and we can't rely on rescue teams to find us anytime soon. We're on our own out here.

I'm calling a meeting with my senior officers to discuss our situation and come up with a plan. We need to act fast if we're going to survive this.""",,True,assistant_message,,
smoltalk_42,user,What are your injuries?,,True,filtered,,
smoltalk_42,assistant,"""Personally, I've got a few bruises and cuts from being thrown around the bridge during the asteroid field transit. Nothing too serious, but it's making it a bit difficult to focus. My chief concern is the well-being of my crew, though. We've got several people with more severe injuries, including our helm officer, Lieutenant Thompson, who's got a broken leg and possible internal injuries. Our chief engineer, Lieutenant Commander Patel, is also dealing with a nasty gash on her forehead, but she's refusing to take a break, insisting she needs to get our power grid stabilized.

We're doing our best to tend to the wounded with our limited medical supplies, but it's not ideal. Our ship's doctor, Ensign Lisa Nguyen, is doing an excellent job considering the circumstances, but we're all aware that we need to get these people to a proper medical facility as soon as possible. The situation is... tense, to say the least.""",,True,assistant_message,,
smoltalk_42,user,"Can the ship doctor help the crew survive, if your drifting lasts for many more days?","Agar sizning suzib yurishingiz yana ko'p kun davom etsa, kema shifokori ekipajning omon qolishiga yordam bera oladimi?",False,,0.6336510181427002,85
smoltalk_42,assistant,"""Ensign Nguyen is doing everything she can with the resources we have available, but our medical supplies are limited, and she's already had to get creative with makeshift treatments. If we're stuck out here for many more days, I'm worried about the long-term prospects for our injured crew members.

Lieutenant Thompson's broken leg, for example, needs proper stabilization and treatment to prevent infection and ensure it heals correctly. We're doing our best to immobilize it and manage his pain, but it's not a substitute for proper medical care. And if we can't get him to a hospital soon, I'm concerned about the potential for long-term damage.

Additionally, we're also starting to worry about the psychological toll of being stranded. Morale is holding up for now, but as the days drag on, I can see the strain starting to show on people's faces. We're trying to keep everyone occupied with repair work and routine tasks, but it's not a sustainable solution.

If we're lucky, Ensign Nguyen might be able to keep everyone stable for a few more days, but beyond that... I don't know. We need to get rescued, or find a way to get ourselves to safety, before things take a turn for the worse.""",,True,assistant_message,,
smoltalk_43,user,What are possible dimensions for the kernel of a linear transformation T: R^4 -> R^3?,Chiziqli transformatsiya T: R^4 -> R^3 ning yadrosi uchun qanday o'lchamlar bo'lishi mumkin?,False,,0.4942190647125244,85
smoltalk_43,assistant,"To determine the possible dimensions for the kernel of a linear transformation T: R^4 -> R^3, we can use the rank-nullity theorem. This theorem states that for a linear transformation T: V -> W, the sum of the rank of T (which is the dimension of the image) and the nullity of T (which is the dimension of the kernel) is equal to the dimension of the domain.

In this case, the domain is R^4, which has dimension 4. The codomain is R^3, which has dimension 3. Since the image of T is a subspace of R^3, its dimension (the rank of T) can be 0, 1, 2, or 3. 

Using the rank-nullity theorem, we can find the possible dimensions for the kernel by subtracting the rank from the dimension of the domain. So, the possible dimensions for the kernel are 4 - 0 = 4, 4 - 1 = 3, 4 - 2 = 2, and 4 - 3 = 1. 

Note that a dimension of 0 for the kernel means the transformation is injective (one-to-one), and a dimension of 4 for the kernel means the transformation maps every vector to the zero vector in R^3.",,True,assistant_message,,
smoltalk_43,user,Is it possible to have a kernel with dimension 4 for a linear transformation T: R^4 -> R^3.,T: R^4 -> R^3 chiziqli almashtirish uchun 4 o'lchovli yadrog'a ega bo'lishi mumkinmi?,False,,0.5178649425506592,91
smoltalk_43,assistant,"For a linear transformation T: R^4 -> R^3, having a kernel with dimension 4 would imply that every vector in R^4 is mapped to the zero vector in R^3. This would mean that T is the zero transformation, i.e., T(v) = 0 for all v in R^4.

However, if the kernel has dimension 4, then by the rank-nullity theorem, the rank (dimension of the image) must be 0, since 4 (dimension of the kernel) + 0 (dimension of the image) = 4 (dimension of the domain). But this would imply that the image of T is just the zero vector, which is indeed a subspace of R^3, but it has dimension 0, not a contradiction in itself.

So, yes, it is indeed possible for a linear transformation T: R^4 -> R^3 to have a kernel with dimension 4, but this would be a very specific and somewhat trivial case - the zero transformation.",,True,assistant_message,,
smoltalk_43,user,How would you describe the differences in applying rank-nullity to vector spaces over R and a vector space over the finite field Z/pZ?,R ustida vektor fazolariga va chekli maydon Z/pZ ustida vektor fazosiga rank-nullity teoremasini qo'llashdagi farqlarni qanday tasvirlaysiz?,False,,0.7062089443206787,134
smoltalk_43,assistant,"When applying the rank-nullity theorem to vector spaces over R (the real numbers) versus a vector space over the finite field Z/pZ (the integers modulo p), the main differences lie in the context and the resulting interpretations, rather than in the theorem itself.

The rank-nullity theorem remains valid for any vector space over a field, including finite fields like Z/pZ. It still states that the dimension of the domain is equal to the sum of the dimensions of the kernel and the image. However, the nature of the dimensions and the implications of the theorem can differ significantly between the two settings.

Over the real numbers (R), vector spaces can have infinite dimension, but when dealing with finite-dimensional spaces, the dimensions involved in the rank-nullity theorem are non-negative integers. In this context, the theorem provides a relationship between the number of independent variables (dimension of the domain), the number of independent constraints (dimension of the kernel), and the number of degrees of freedom (dimension of the image).

Over a finite field like Z/pZ, all vector spaces are necessarily finite-dimensional, since the field itself is finite. Here, the dimensions in the rank-nullity theorem are still non-negative integers, but they now relate to the number of elements in the vector spaces and subspaces involved. The theorem has implications for counting the number of solutions to systems of linear equations over finite fields, which is crucial in areas like coding theory and cryptography.

Another key difference lies in the fact that, over a finite field, a vector space can have a much larger number of subspaces than a vector space of the same dimension over the real numbers. This is because the number of subspaces of a given dimension depends on the size of the field, which is infinite for R but finite for Z/pZ. As a result, the rank-nullity theorem can be used to derive combinatorial results about the number of subspaces and their relationships in the finite field setting.

In summary, while the rank-nullity theorem itself remains the same, its application to vector spaces over R versus Z/pZ involves different interpretations and implications due to the distinct nature of the underlying fields and the resulting vector spaces.",,True,assistant_message,,
smoltalk_44,user,"If $\log_{2}a + \log_{ \frac {1}{2}}b = 2$, then (　)

A: $a=2b$
B: $b=2a$
C: $a=4b$
D: $b=4a$",,True,filtered,,
smoltalk_44,assistant,"We have $\log_{2}a + \log_{ \frac {1}{2}}b = 2$. 

First, let's use the property of logarithms which states that $\log_{b}m + \log_{b}n = \log_{b}(mn)$ to combine the two logs:

$$
\begin{align*}
\log_{2}a + \log_{ \frac {1}{2}}b & = 2 \\
\log_{2}a + \log_{2^{-1}}b & = 2.
\end{align*}
$$

Given that $\log_{2^{-1}}x = \log_{2}x^{-1}$ and recalling that the logarithm with the same base cancels out during division:

$$
\begin{align*}
\log_{2}a - \log_{2}b & = 2 \\
\log_{2} \frac{a}{b} & = 2.
\end{align*}
$$

Now we will use the exponential form of the logarithm to write the equation as:

$$\frac{a}{b} = 2^2.$$

This simplifies to:

$$\frac{a}{b} = 4.$$

Multiplying both sides by $b$, we get:

$$a = 4b.$$

So, the correct option is \boxed{C}.",,True,assistant_message,,
smoltalk_45,user,"Texas Health Resources CEO Barclay Berdan took our a full page newspaper advertisement on Sunday to apologize yet again for the company's handling of the Ebola outbreak in Dallas. In the advertisement printed in Sunday's editions of the Dallas Morning News and Fort Worth Star-Telegram, Mr Berdan says the staff at Texas Health Presbyterian Hospital are 'devastated' and 'deeply sorry' that they weren't able to save U.S. Ebola 'patient zero' Thomas Eric Duncan. Mr Duncan was initially misdiagnosed by the hospital and sent away with a prescription for antibiotics, despite telling staff he had recently arrived in the country from Ebola-stricken Liberia. He passed away on October 8, 11 days after returning to the hospital a second time. Scroll down for videos . 'Deeply sorry': Barclay Berdan (left), the CEO of Texas Health Resources, penned a full-page newspaper ad published on Sunday, apologizing for the fatal misdiagnosis of Ebola patient Thomas Eric Duncan (right) Fatal mistake: Mr Duncan passed away at Texas Health Presbyterian Hospital in Dallas on October 10 -  after initially getting turned away from the hospital with a prescription for antibiotics . Mr Berden says the hospital is currently investigating what led two of their nurses, 26-year-old Nina Pham and 29-year-old Amber Vinson, to contract Ebola in the days after Mr Duncan's death. 'Based on what we already know, I can tell you that many of the theories and allegations being presented in the media do not align with facts stated in medical record and the accounts of caregivers who were present on the scene,' he said. It was previously reported that nurses at the hospital were wearing the wrong protective gear for the first few days of Mr Duncan's treatment, leaving their necks and wrists exposed. Mr Berden does admit, however, that Ebola protocols were not 'fully deployed' by the time Mr Duncan was admitted a second time and that 'we made some mistakes in handling this very difficult challenge.' Ill: Texas Health nurses Nina Pham (left) and Amber Vinson (right) contracted the disease in the days after Mr Duncan's death. The hospital is still investigating what led the two nurses to catch Ebola. Ms Pham is now being treated at the National Institutes of Health in Maryland, while Ms Vinson is being treated at Emory University Hospital in Georgia . 'In short, despite our best intentions and skilled medical teams, we did not live up to the high standards that are the heart of our hospital's history, mission and commitment,' Mr Berden wrote. Since Mr Duncan's passing, Mr Berden says the hospital has been instituting new guidelines should another Ebola case present itself. He says staff are not being trained on how to put on and take off protective clothing and that a 'buddy system' is helping them follow Ebola procedures. They have also made changes to their medical records system which will better help diagnose the disease. 'Our prayers are with Mr Duncan's family, Ms Pham and Ms Vinson, their families and the Ebola victims around the globe,' Mr Berden says. Mr Berden's apology follows the release of Texas Health medical records which show the hospital's protective protocols were 'insufficient' in dealing with an Ebola outbreak. The Centers for Disease Control and Prevention has pointed to lapses by the hospital in those initial days. And Duncan's medical records show heightened protective measures as his illness advanced. But either because of a lag in implementing those steps or because they were still insufficient, scores of hospital staffers were put at risk, according to the records. The hospital's protective protocol was 'insufficient,' said Dr. Joseph McCormick of the University of Texas School of Public Health, who was part of the CDC team that investigated the first recorded Ebola outbreak in 1976. 'The gear was inadequate. The procedures in the room were inadequate.' 'Insufficient': This file photo, shows a copy of Thomas Eric Duncan's medical records from Texas Health Presbyterian Hospital, provided by Duncan's family. Experts say the records show that protective protocols were not sufficient to deal with the Ebola outbreak . Duncan's medical records, provided by his family to The Associated Press, show Nina Pham, the first Texas nurse to be diagnosed with Ebola, first encountered the patient after he was moved to intensive care at 4:40pm on September 29, more than 30 hours after he came to the ER. Nearly 27 hours later, Amber Joy Vinson, a second nurse who contracted the disease, first appears in Duncan's charts. Because doctors and nurses are focused on logging the patient's care, they may not always note their own safeguards in the medical records. In Pham's first entry, she makes no mention of protective gear. When she logs again the following morning, she specifically mentions wearing a double gown, face shield and protective footwear, equipment she mentions again in later entries. In the first apparent mention of Vinson — identified by just her first name in another nurse's notes — she is said to have worn personal protection, including a hazardous-materials suit and face shield. It's unclear whether those initial interactions with Duncan represent the time at which a breakdown in protection led to the infections, or whether such lapses persisted during the remainder of the patient's 11-day stay. At least 70 workers are named in the records as being involved with Duncan's care in that period. Texas health hospital workers gathered on Thursday to say goodbye to Ms Pham, as she left the hospital for further treatment at NIH Hospital in Bethesda, Maryland . Dr. Tom Frieden, the CDC director, told lawmakers during a congressional hearing Thursday that he did not know how the nurses got infected, only that 'possible causes' had been identified. In comments a day earlier, he gave a clue: 'For the first several days of the patient's stay, before he was diagnosed, we see a lot of variability in the use of personal protective equipment.' Because Ebola has an incubation period of up to 21 days, those who cared for Duncan at the start of his second hospital stay will not be considered safe from infection until Monday. Those with him at the time of his death will not emerge from monitoring until October 30. Duncan first arrived at Presbyterian on September 25 but was sent home. When he returned by ambulance at 10:07am on September 28, he was sicker and probably more contagious. Staff noted immediately upon his intake that he had recently arrived from Liberia. Five minutes later, a nurse notes that he is in a room and had 'put on airborne precautions.' Nine minutes after that, Duncan is seen by a doctor who writes that Ebola is a possibility and notes that he 'followed strict CDC protocol' by being 'masked, fully gowned and gloved' when treating Duncan. The doctor makes no mention of eye protection such as goggles or a face shield, which are considered basic equipment in Ebola guidelines issued by the CDC. There is also no initial mention of foot coverings, which are suggested when such patients have diarrhea or vomiting, as Duncan did, according to the records. It is also not clear when Duncan was safely isolated, though the records refer to him being in an 'isolation room' in the ER on September 29. Numerous entries in the records of Duncan's stay at the hospital — both in the ER and later in intensive care — make note of precautionary measures. Many other entries are silent on the issue, and the mention of hazardous-material suits does not appear in Duncan's records until after his diagnosis is confirmed on September 30. Hospital officials say Duncan was immediately put in isolation in a private room and that staff adhered to CDC guidelines on protective gear, even though those guidelines changed during the course of Duncan's stay. 'From our review of the medical records, interviews with clinical staff and clinical observation, our use of personal protective equipment was compliant with CDC guidelines,' hospital spokesman Wendell Watson said Saturday. Dr. Victoria Sutton, a member of Texas Governor Rick Perry's newly appointed infectious-disease task force, said the issue was not protocols, but preparation. 'I think the problem is there wasn't enough time to do training,' she said. The hospital has denied the allegations of several of its nurses who anonymously aired concerns through a statement issued by the National Nurses United union. Among their complaints: that Duncan was kept for hours in an area of the emergency department where seven other patients could have been exposed; that a nurse supervisor faced resistance from higher-ups when she said he should be moved to an isolation unit; and that even after the patient was isolated, hospital workers came and went from his bedside without proper protection, then walked through halls that were not properly cleaned. 'If any of those allegations — let alone more than one — are correct, if they are valid, then obviously his whole hospitalization put health care workers at risk,' said Dr. William Schaffner, an infectious-disease specialist at Vanderbilt University Medical Center. A half-dozen doctors and nurses make notes in Duncan's chart during the first 24 hours of his stay in the ER. As his first night at the hospital fades into the following morning, his condition worsens. A doctor notes he is suffering and deteriorating. At one point, he asks for a diaper because he's too exhausted to get up. The records do not reveal what happened once hospital staffers left Duncan's bedside. Walking through the hallways, interacting with other staff and patients, removing protective gear and any other physical motions — even as seemingly minor as rubbing an eye or scratching an itch — before being properly sanitized could have led to further infections.","Texas Health Resources bosh direktori Barclay Berdan yakshanba kuni kompaniyaning Dallasdagi Ebola epidemiyasini boshqarishda qilgan xatolaridan yana bir bor uzr so‘rab, gazeta sahifasi hajmidagi e’lon berdi. Dallas Morning News va Fort Worth Star-Telegram gazetalarining yakshanba sonlarida bosilgan e’londa janob Berdan Texas Health Presbyterian kasalxonasining xodimlari AQShning Ebola bilan kasallangan birinchi bemori Thomas Eric Duncan’ni qutqara olmaganliklaridan “vahimaga tushganliklarini” va “juda ham afsusda e’tirof etganliklarini” aytadi. Duncan kasalxonada dastlab noto‘g‘ri tashxis qo‘yilib, antibiotiklar bilan davolanish uchun resept bilan uyiga jo‘natilgan edi, garchi u kasalxona xodimlariga yaqinda Ebola epidemiyasi avj olgan Liberiyadan mamlakatga kelganini aytgan bo‘lsa ham. U kasalxonaga ikkinchi marta kelganidan 11 kun o‘tib, 8 oktyabrda vafot etdi. Videolar uchun pastga aylantiring. “Juda ham afsusdamiz”: Texas Health Resources bosh direktori Barclay Berdan (chapda) yakshanba kuni e’lon qilingan gazeta sahifasi hajmidagi e’londa Ebola bemori Thomas Eric Duncan’ning (o‘ngda) o‘limiga sabab bo‘lgan noto‘g‘ri tashxis qo‘yilganidan uzr so‘ragan. O‘limga olib kelgan xato: Duncan Dallasdagi Texas Health Presbyterian kasalxonasida 10 oktyabrda vafot etdi – dastlab kasalxonadan antibiotiklar bilan davolanish uchun resept bilan uyiga jo‘natilgan edi. Berdan janob Duncan vafotidan keyin kasalxonaning ikki hamshirasi, 26 yoshli Nina Pham va 29 yoshli Amber Vinson Ebola bilan kasallanganining sabablarini kasalxona hozirda tekshirayotganini aytadi. “Hozirgi kungacha ma’lum bo‘lgan narsalarga asoslanib, aytishim mumkinki, ommaviy axborot vositalarida keltirilayotgan ko‘p nazariyalar va iddaolar tibbiy qaydlarda keltirilgan faktlar va voqea joyida bo‘lgan tibbiyot xodimlarining hikoyalari bilan to‘g‘ri kelmaydi”, dedi u. Avvalroq kasalxonaning hamshiralari Duncan davolanishining dastlabki kunlarida noto‘g‘ri himoya kiyimlarini kiyib, bo‘yinlari va bilaklarini ochiq qoldirganlari xabar qilingan edi. Berdan janob Duncan ikkinchi marta kasalxonaga qabul qilingan vaqtda Ebola protokollari “to‘liq qo‘llanmaganligini” va “bu juda qiyin vazifani bajarishda ba’zi xatolar qilganimizni” tan oladi. Kasallik: Texas Health hamshiralari Nina Pham (chapda) va Amber Vinson (o‘ngda) Duncan janob vafotidan keyin kasallikka chalingan. Kasalxona hozirda ikki hamshiraning Ebola bilan kasallanishiga nima sabab bo‘lganini tekshirmoqda. Pham janob hozirda Merilend shtatidagi Milliy sog‘liq institutlarida davolanyapti, Vinson janob esa Jorjiya shtatidagi Emory universiteti kasalxonasida davolanyapti. “Qisqacha aytganda, eng yaxshi niyatlarimiz va malakali tibbiyot jamoalarimizga qaramay, kasalxonaning tarixi, missiyasi va majburiyatining asosini tashkil etuvchi yuqori standartlarga erisha olmadik”, deb yozdi Berdan janob. Jan Duncan vafotidan soʻng, janob Berdenning aytishicha, kasalxona Ebola kasalining yana bir holati yuzaga kelsa, yangi yoʻriqnomalarni joriy qilgan. Uning aytishicha, xodimlar himoya kiyimlarini qanday kiyish va yechish boʻyicha oʻqitilmagan va ""doʻstlik tizimi"" ularga Ebola protseduralariga rioya qilishda yordam bergan. Ular, shuningdek, kasallikni tashxislashga yaxshiroq yordam beradigan tibbiy qaydnomalar tizimiga oʻzgarishlar kiritishgan. ""Duoimiz janob Duncan oilasi, xonim Pham va xonim Vinson, ularning oilalari va butun dunyo boʻylab Ebola qurbonlari bilan"", dedi janob Berden. Janob Berdenning uzri Texas Health tibbiy qaydnomalarining eʼlon qilinishidan keyin boʻlib, unda kasalxonaning Ebola tarqalishini bostirishda himoya protokollari ""yetarli emas""ligi koʻrsatilgan. Kasalliklarni nazorat qilish va oldini olish markazlari oʻsha dastlabki kunlarda kasalxonaning kamchiliklariga ishora qilgan. Duncanning tibbiy qaydnomalarida esa uning kasalligi kuchaygan sari kuchaytirilgan himoya choralari koʻrsatilgan. Ammo, qaydlarga koʻra, bu qadamlarni amalga oshirishdagi kechikish yoki ular hali ham yetarli emasligi sababli, oʻnlab kasalhona xodimlari xavf ostida qolgan. Kasalxonaning himoya protokoli ""yetarli emas edi"", dedi 1976-yildagi birinchi qayd etilgan Ebola tarqalishini oʻrgangan CDC guruhining aʼzosi boʻlgan Texas universiteti jamoat salomatligi maktabidan doktor Jozeph McCormick. ""Uskunalar yetarli emas edi. Xonadagi protseduralar yetarli emas edi."" ""Yetarli emas"": Ushbu fayl fotosuratida Duncan oilasi taqdim etgan Texas Health Presbyterian kasalxonasidan Tomas Erik Duncanning tibbiy qaydnomalarining nusxasi koʻrsatilgan. Mutaxassislarning aytishicha, qaydlarda himoya protokollari Ebola tarqalishini bostirish uchun yetarli emasligi koʻrsatilgan. Uning oilasi The Associated Press'ga taqdim etgan Duncanning tibbiy qaydnomalarida, Ebola tashxisi qoʻyilgan birinchi Texas hamshirasi Nina Pham, Duncan kasalxonaning intensiv terapiya boʻlimiga 29-sentabrda soat 16:40da, yaʼni u tez yordam boʻlimiga kelganidan 30 soatdan koʻproq vaqt oʻtgach, koʻchirilgandan keyin birinchi marta unga duch kelganligi koʻrsatilgan. Taxminan 27 soat oʻtgach, kasallikni yuqtirgan ikkinchi hamshira Amber Joy Vinson Duncanning jadvallarida birinchi marta paydo boʻladi. Shifokorlar va hamshiralar bemorga gʻamxoʻrlik qilishga eʼtibor qaratganlari uchun, ular har doim ham oʻz xavfsizlik choralarini tibbiy qaydnomalarga yozib qoldirmasliklari mumkin. Phamning birinchi yozuvida u himoya kiyimlariga hech qanday ishora qilmaydi. Ertasi kuni ertalab yana yozganda, u qoʻplovchi xalat, yuz qalqoni va himoya poyabzallarni kiyganligini aniq eslatib oʻtadi, bu uskunalarni u keyingi yozuvlarda yana eslatib oʻtadi. Vinsonning birinchi koʻrinadigan eslatmasida - boshqa hamshiraning qaydnomalarida faqat uning ismi bilan tanilgan - u xavfli materiallar kostyumi va yuz qalqoni kabi shaxsiy himoya vositalarini kiyganligi aytiladi. Duncan bilan dastlabki aloqalar infektsiyalarga olib kelgan himoya buzilishining vaqtini yoki bunday uzilishlar bemorning 11 kunlik qolishi davomida davom etganligini ko'rsatadimi, noma'lum. Kamida 70 nafar xodim Duncan parvarishida ishtirok etganligi qayd etilgan. Texas sog'liqni saqlash kasalxonasi xodimlari payshanba kuni Bethesda, Merilend shtatidagi NIH kasalxonasida davolanish uchun ketayotgan Pham xonim bilan xayrlashish uchun yig'ilishdi. CDC direktori doktor Tom Frieden payshanba kuni kongress eshituvlari paytida qonun xodimlariga hamshiralarning qanday yuqishini bilmasligini, faqat ""mumkin bo'lgan sabablar"" aniqlanganligini aytdi. Bir kun oldingi bayonotida u bir ishora berdi: ""Bemorning bir necha kunlik qolishi davomida, unga tashxis qo'yilgunga qadar, biz shaxsiy himoya vositalaridan foydalanishda ko'p o'zgarishlarni ko'ramiz."" Ebola inkubatsiya davri 21 kungacha davom etishi sababli, Duncan ikkinchi marta kasalxonaga yotqizilganda unga g'amg'o'rlik qilganlar dushanbigacha infektsiyadan xavfsiz deb hisoblanmaydi. Uning o'limi paytida u bilan birga bo'lganlar 30 oktyabrgacha kuzatuvdan chiqmaydi. Duncan birinchi marta 25 sentyabrda Presviterianga kelgan, ammo uyiga qaytarib yuborilgan. 28 sentyabrda soat 10:07da tez yordam mashinasida qaytib kelganida, u kasalroq va ehtimol ko'proq yuqumli edi. Xodimlar uning qabul qilinganidan darhol u Liberiyadan kelganligini qayd etishdi. Besh daqiqa o'tgach, hamshira u xonada ekanligini va ""havo orqali yuqadigan kasalliklarga qarshi ehtiyot choralarini ko'rganligini"" qayd etadi. Undan to'qqiz daqiqa o'tgach, Duncanni shifokor ko'rikdan o'tkazadi va u ""maskada, to'liq xalatda va qo'lqopda"" bo'lganida Duncanni davolashda ""qattiq CDC protokoliga rioya qilganligini"" yozadi. Shifokor ko'zoynak yoki yuz qalqoni kabi ko'zni himoya qilish vositalariga ishora qilmaydi, ular CDC tomonidan e'lon qilingan Ebola qo'llanmalarida asosiy uskuna hisoblanadi. Shuningdek, Duncan kabi bemorlarda diareya yoki qusuq bo'lsa, tavsiya etiladigan oyoq kiyimlariga dastlabki ishora yo'q. Duncan qachon xavfsiz izolyatsiya qilinganligi ham noma'lum, garchi qaydlarda u 29 sentyabrda ERda ""izolyatsiya xonasida"" bo'lganligi haqida ma'lumot berilgan. Duncan kasalxonada bo'lgan vaqtida - ham ERda, ham intensiv terapiyada - ko'plab qaydlarda ehtiyot choralari qayd etilgan. Boshqa ko'plab qaydlarda bu masala haqida sukut saqlanadi va xavfli materiallar kostyumlariga ishora 30 sentyabrda uning tashxisi tasdiqlangandan keyin Duncan qaydlarda paydo bo'ladi. Kasxona rasmiylari Duncan darhol xususiy xonada izolyatsiyaga qo'yilganligini va xodimlar Duncan qolishi davomida o'zgargan bo'lsa ham, himoya kiyim-kechak bo'yicha CDC ko'rsatmalariga rioya qilganliklarini aytishadi. ""Tibbiy qaydlarni ko'rib chiqqandan, klinik xodimlar bilan suhbatlashgandan va klinik kuzatuvlardan so'ng, bizning shaxsiy himoya vositalaridan foydalanishimiz CDC ko'rsatmalariga muvofiq edi"", dedi kasalxona vakili Wendell Watson shanba kuni. Texas gubernatori Rick Perri'nin yangi tayinlangan yuqumli kasalliklar bo'yicha ishchi guruhining a'zosi doktor Victoria Sutton, masala protokollarda emas, balki tayyorgarlikda ekanligini aytdi. ""Menimcha, muammo trening uchun etarli vaqt yo'qligi edi"", dedi u. Kasalxona, Milliy Hamshiralik Birligi kasaba uyushmasi tomonidan e'lon qilingan bayonot orqali anonim ravishda xavotirlarini bildirgan bir necha hamshiralarning ayblovlarini rad etdi. Ularning shikoyatlari orasida: Duncan bir necha soat davomida tez yordam bo'limining yetti nafar boshqa bemorlar ham yuqumli kasallikka chalingan bo'lishi mumkin bo'lgan hududida ushlab turilgan; hamshira rahisi uni ajratish palatasiga o'tkazish kerakligini aytganda yuqori rahbarlardan qarshilikka duch kelgan; va bemor ajratilgandan keyin ham, kasalxona xodimlari tegishli himoya vositalarisiz uning yonidan kelib-ketishgan, keyin esa to'g'ri tozalanmagan koridorlardan o'tishgan. ""Agar ushbu ayblovlardan bittasi - hatto bir nechtasi ham - to'g'ri bo'lsa, agar ular haqiqiy bo'lsa, unda shubhasizki, uning butunlay kasalxonada yotishi sog'liqni saqlash xodimlarini xavf ostiga qo'ygan"", dedi Vanderbilt universiteti tibbiyot markazining yuqumli kasalliklar mutaxassisi doktor William Schaffner. Yarim o'nlab shifokorlar va hamshiralar Duncan'ning ER'dagi birinchi 24 soati davomida uning qaydlariga yozuvlar kiritishadi. Kasalxonadagi birinchi kechasi keyingi tongga aylanayotganda, uning ahvoli yomonlashadi. Doktor uning azob chekayotganini va ahvoli yomonlashayotganini qayd etadi. Bir paytda, u charchoqdan tura olmagani uchun taglik so'raydi. Qaydlar, kasalxona xodimlari Duncan'ning yonidan ketgandan keyin nima bo'lganini ochib bermaydi. Koridorlarda yurish, boshqa xodimlar va bemorlar bilan muloqot qilish, himoya vositalarini olib tashlash va boshqa jismoniy harakatlar - hatto ko'zni uqolash yoki qichishishni tirnalash kabi kichik ko'rinishdagi harakatlar ham - to'g'ri dezinfektsiya qilinmasdan oldin yanada ko'proq infektsiyalarga olib kelishi mumkin edi.",False,,4.4098639488220215,9840
smoltalk_45,assistant,"Texas Health Resources CEO Barclay Berdan published a full-page apology in the Dallas Morning News and Fort Worth Star-Telegram, expressing deep regret over the hospital's handling of the Ebola case of Thomas Eric Duncan, who died on October 8. Duncan was initially misdiagnosed and sent home with antibiotics, despite informing staff of his recent travel from Liberia. Berdan acknowledged that the hospital's Ebola protocols were not fully deployed, leading to the infection of two nurses, Nina Pham and Amber Vinson. The hospital is now investigating the lapses and implementing new guidelines, including better training on protective gear and a ""buddy system"" to ensure adherence to Ebola protocols. Berden also noted that the hospital is making changes to its medical records system to improve diagnosis. The incident has raised concerns about the adequacy of the hospital's initial protective measures, with experts suggesting that the gear and procedures were insufficient. The hospital has denied some allegations made by its nurses, including claims of inadequate isolation and cleaning practices. Despite these challenges, the hospital is working to enhance its preparedness for future Ebola cases.",,True,assistant_message,,
smoltalk_46,user,"Develop a Python function that takes a list of strings and a target string. The function should return a boolean indicating whether the target string exists in the list of strings. If the target string is found, the function should also return the index of the target string in the list.","Satrlar ro'yxati va maqsadli satrni oladigan Python funksiyasini ishlab chiqing. Funksiya maqsadli satr satrlar ro'yxatida mavjudligini ko'rsatuvchi mantiqiy qiymatni qaytarishi kerak. Agar maqsadli satr topilsa, funksiya ro'yxatdagi maqsadli satrning indeksini ham qaytarishi kerak.",False,,0.7062602043151855,287
smoltalk_46,assistant,"You can create a Python function that iterates through the list of strings and checks if the target string exists in the list. If it does, you can return a boolean indicating that the target string exists and the index of the target string in the list.

Here's how you could do it:

```python
def target_string_exists(string_list, target_string):
    for index, string in enumerate(string_list):
        if string == target_string:
            return True, index
    return False, None
```",,True,assistant_message,,
smoltalk_47,user,"Given that the random variable $\xi$ follows the normal distribution $N(0,1)$, if $P(\xi > 2) = p$, then $P(-2 < \xi < 0)$ is ( ).

A. $\frac{1}{2} + p$

B. $1 - p$

C. $\frac{1}{2} - p$

D. $1 - 2p$",,True,filtered,,
smoltalk_47,assistant,"Since the standard normal distribution curve is symmetrical with respect to the vertical axis (the mean of the distribution), we can deduce certain probabilities from this symmetry.

Given that $P(\xi > 2) = p$, and using the symmetry of the normal distribution about the y-axis, we can establish that:

$$P(\xi < -2) = p,$$

since the probabilities of being more than two standard deviations away from the mean are equal on both sides due to the symmetry of the normal distribution. Now, let's consider the probability of $\xi$ being between -2 and 0. We can use the fact that the total probability for $\xi$ being less than 0 is equal to $\frac{1}{2}$, as the mean of the distribution is 0 and the distribution is symmetric.

The probability that $\xi$ is between -2 and 0 can be articulated as the difference between the probability that $\xi$ is less than 0 (which is $\frac{1}{2}$) and the probability that $\xi$ is less than -2 (which we've established is $p$).

Thus:

$$P(-2 < \xi < 0) = P(\xi < 0) - P(\xi < -2) = \frac{1}{2} - p.$$

Hence, the correct answer is:
$$\boxed{\frac{1}{2} - p}.$$",,True,assistant_message,,
smoltalk_48,user,A store is selling compact discs for 10.50 dollars and 8.50 dollars. You buy 10 discs. You bought 6 discs that cost 8.50 dollars. How much did you spend in total?,"Do'kon kompakt disklarni 10,50 dollar va 8,50 dollardan sotmoqda. Siz 10 ta disk sotib olsangiz, ulardan 6 tasining narxi 8,50 dollardan bo'lsa, jami qancha pul sarfladingiz?",False,,0.44747424125671387,162
smoltalk_48,assistant,"You bought 6 discs at $8.50 each and the remaining 4 discs at $10.50 each.

First, calculate the total cost for the 6 discs at $8.50 each:
6 discs * $8.50/disc = $51.00

Next, calculate the total cost for the 4 discs at $10.50 each:
4 discs * $10.50/disc = $42.00

Now, add the two amounts to find the total cost:
$51.00 + $42.00 = $93.00

You spent a total of $\boxed{\$93.00}$ .",,True,assistant_message,,
smoltalk_49,user,"// language: C++
#include <ndt_fuser/ndt_fuser_hmt.h>
#include <pcl/conversions.h>
#include <pcl/point_cloud.h>
#include <pcl/io/pcd_io.h>
#include <pcl/point_types.h>
#include <ndt_map/ndt_map.h>
#include <ndt_map/ndt_cell.h>
#include <ndt_map/pointcloud_utils.h>
#include <tf_conversions/tf_eigen.h>
#include <cstdio>
#include <Eigen/Eigen>
#include <Eigen/Geometry>
#include <fstream>
#include <stdio.h>
#include <stdlib.h>
#include <dirent.h>
#include <algorithm>

#include <ndt_map/NDTMapMsg.h>
#include <ndt_map/ndt_conversions.h>
#include <ndt_fuser/ndt_fuser_ros_wrappers/ros_fuser_init.hpp>
#include <ndt_fuser/ndt_fuser_ros_wrappers/ndt_fuser_logger.hpp>


#include ""ndt_offline/PointCloudReader.hpp""

#include <boost/program_options.hpp>
namespace po = boost::program_options;
using namespace std;

inline void normalizeEulerAngles(Eigen::Vector3d &euler) {
  if (fabs(euler[0]) > M_PI/2) {
    euler[0] += M_PI;
    euler[1] += M_PI;
    euler[2] += M_PI;
    
    euler[0] = angles::normalize_angle(euler[0]);
    euler[1] = angles::normalize_angle(euler[1]);
    euler[2] = angles::normalize_angle(euler[2]);
  }
}

template<class T> std::string toString (const T& x)
{
     std::ostringstream o;

     if (!(o << x))
	  throw std::runtime_error (""::toString()"");

     return o.str ();
}

void filter_fov_fun(pcl::PointCloud<pcl::PointXYZ> &cloud, pcl::PointCloud<pcl::PointXYZ> &cloud_nofilter, double hori_min, double hori_max) {
    for(int i=0; i<cloud_nofilter.points.size(); ++i) {
	double ang = atan2(cloud_nofilter.points[i].y, cloud_nofilter.points[i].x);
	if(ang < hori_min || ang > hori_max) continue;
	cloud.points.push_back(cloud_nofilter.points[i]);
    }
    cloud.width = cloud.points.size();
    cloud.height = 1;
    std::cout << ""nb clouds : "" << cloud.points.size() << std::endl;
}


std::string transformToEvalString(const Eigen::Transform<double,3,Eigen::Affine,Eigen::ColMajor> &T) {
  std::ostringstream stream;
  stream << std::setprecision(std::numeric_limits<double>::digits10);
  Eigen::Quaternion<double> tmp(T.rotation());
  stream << T.translation().transpose() << "" "" << tmp.x() << "" "" << tmp.y() << "" "" << tmp.z() << "" "" << tmp.w() << std::endl; 
  return stream.str();
}

void saveCloud(int counter, const pcl::PointCloud<pcl::PointXYZ> &cloud) {
    std::string pcd_file = std::string(""cloud"") + toString(counter) + std::string("".pcd"");
    std::cout << ""saving : "" << pcd_file << std::endl;
    pcl::io::savePCDFileASCII (pcd_file, cloud);
}


/////////////////////////////////////////////////////////////////////////////////7
/////////////////////////////////////////////////////////////////////////////////7
/// *!!MAIN!!*
/////////////////////////////////////////////////////////////////////////////////7
/////////////////////////////////////////////////////////////////////////////////7
int main(int argc, char **argv){
	
	ros::init(argc, argv, ""ndt_offline"");
    ros::NodeHandle nh;
	ros::Publisher laserpub;
	ros::Publisher ndt_map_pubb;
	laserpub = nh.advertise<sensor_msgs::PointCloud2>(""laser_read"", 10);
	ndt_map_pubb = nh.advertise<ndt_map::NDTMapMsg>(""ndtndtndtmap"", 10);
	ros::Publisher laserpub_real;
	laserpub_real = nh.advertise<sensor_msgs::LaserScan>(""laser_read_real"", 10);
	
	
    std::string dirname;
    std::string map_dirname;
    std::string base_name;
    double size_xy;
    double size_z;
    double resolution;
    double resolution_local_factor;
    double sensor_cutoff;
    double hori_min, hori_max;
    double min_dist, min_rot_in_deg;
    double max_range, min_range;
    int itrs;
    int nb_neighbours;
    int nb_scan_msgs;
    perception_oru::MotionModel2d::Params motion_params;
    std::string tf_base_link, tf_gt_link, tf_world_frame, tf_sensor_link;
    std::string velodyne_config_file;
    std::string velodyne_packets_topic;
//     std::string velodyne_frame_id;
    std::string tf_topic;
    Eigen::Vector3d transl;
    Eigen::Vector3d euler;
    double sensor_time_offset;
	
// 	<param name=""size_x_meters"" value=""30"" />
// 	<param name=""size_y_meters"" value=""30"" />
// 	<param name=""size_z_meters"" value=""0.8"" />
// 	<param name=""resolution"" value=""0.2"" />
// 	<param name=""beHMT"" value=""false"" />
// 	<param name=""useOdometry"" value=""true"" />

    po::options_description desc(""Allowed options"");
    desc.add_options()
	(""help"", ""produce help message"")
	(""visualize"", ""visualize the output"")
	(""use-odometry"", ""use initial guess from odometry"")
	(""match2d"", ""use 2d-matcher"")
	(""no-step-control"", ""use step control in the optimization (default=false)"")
	(""nosubmaps"", ""run the standard fuser"")
	(""pre-load"", ""loads maps from the map directory if available"")
	(""base-name"", po::value<string>(&base_name), ""prefix for all generated files"")
	(""dir-name"", po::value<string>(&dirname), ""where to look for SCANs"")
	(""map-dir-name"", po::value<string>(&map_dirname), ""where to save the pieces of the map (default it./map)"")
	(""size-xy"", po::value<double>(&size_xy)->default_value(30.), ""size of the central map xy"")
	(""size-z"", po::value<double>(&size_z)->default_value(0.8), ""height of the map"")
	(""resolution"", po::value<double>(&resolution)->default_value(0.1), ""resolution of the map"")
	(""resolution_local_factor"", po::value<double>(&resolution_local_factor)->default_value(0.2), ""resolution factor of the local map used in the match and fusing step"")
	(""sensor_cutoff"", po::value<double>(&sensor_cutoff)->default_value(1000), ""ignore ranges longer than this value"")
	(""itrs"", po::value<int>(&itrs)->default_value(30), ""resolution of the map"")
	(""baseline"", ""run also the baseline registration algorithms"")
	(""guess-zpitch"", ""guess also z and pitch from odometry"")
	(""use-multires"", ""run the multi-resolution guess"")
	(""fuse-incomplete"", ""fuse in registration estimate even if iterations ran out. may be useful in combination with low itr numbers"")
	(""filter-fov"", ""cutoff part of the field of view"")
	(""hori-max"", po::value<double>(&hori_max)->default_value(2*M_PI), ""the maximum field of view angle horizontal"")
	(""hori-min"", po::value<double>(&hori_min)->default_value(-hori_max), ""the minimum field of view angle horizontal"")
	(""COOP"", ""if parameters from the COOP data set should be used (sensorpose)"")
	(""VCE"", ""if sensorpose parameters from VCE should be used"") 
	(""VCEnov16"", ""if sensorpose parameters from VCE 16 nov data collection should be used"")
	(""dustcart"", ""if the sensorpose parameters from dustcart should be used"")
	(""do-soft-constraints"", ""if soft constraints from odometry should be used"")
	(""Dd"", po::value<double>(&motion_params.Dd)->default_value( 0.005), ""forward uncertainty on distance traveled"")
	(""Dt"", po::value<double>(&motion_params.Dt)->default_value( 0.01), ""forward uncertainty on rotation"")
	(""Cd"", po::value<double>(&motion_params.Cd)->default_value( 0.001), ""side uncertainty on distance traveled"")
	(""Ct"", po::value<double>(&motion_params.Ct)->default_value( 0.01), ""side uncertainty on rotation"")
	(""Td"", po::value<double>(&motion_params.Td)->default_value( 0.001), ""rotation uncertainty on distance traveled"")
	(""Tt"", po::value<double>(&motion_params.Tt)->default_value( 0.005), ""rotation uncertainty on rotation"")
	(""min_dist"", po::value<double>(&min_dist)->default_value(0.2), ""minimum distance traveled before adding cloud"")
	(""min_rot_in_deg"", po::value<double>(&min_rot_in_deg)->default_value(5), ""minimum rotation before adding cloud"")
	(""tf_base_link"", po::value<std::string>(&tf_base_link)->default_value(std::string(""/odom_base_link"")), ""tf_base_link"")
	(""tf_sensor_link"", po::value<std::string>(&tf_sensor_link)->default_value(std::string(""/sensor_link"")), ""tf_sensor_link : tf of where the sensor is"")
	(""tf_gt_link"", po::value<std::string>(&tf_gt_link)->default_value(std::string(""/state_base_link"")), ""tf ground truth link"")
	(""velodyne_config_file"", po::value<std::string>(&velodyne_config_file)->default_value(std::string(""velo32.yaml"")), ""configuration file for the scanner"")
	(""tf_world_frame"", po::value<std::string>(&tf_world_frame)->default_value(std::string(""/odom"")), ""tf world frame"")
	(""velodyne_packets_topic"", po::value<std::string>(&velodyne_packets_topic)->default_value(std::string(""velodyne_packets"")), ""velodyne packets topic used"")
// 	(""velodyne_frame_id"", po::value<std::string>(&velodyne_frame_id)->default_value(std::string(""/velodyne"")), ""frame_id of the velodyne"")
	(""alive"", ""keep the mapper/visualization running even though it is completed (e.g. to take screen shots etc."")
	(""nb_neighbours"", po::value<int>(&nb_neighbours)->default_value(2), ""number of neighbours used in the registration"")
	(""max_range"", po::value<double>(&max_range)->default_value(70.), ""maximum range used from scanner"")
	(""min_range"", po::value<double>(&min_range)->default_value(1.5), ""minimum range used from scanner"")
	(""save_map"", ""saves the map at the end of execution"")
	(""disable_reg"", ""disables the registration completetly"")
	(""nb_scan_msgs"", po::value<int>(&nb_scan_msgs)->default_value(1), ""number of scan messages that should be loaded at once from the bag"")
	(""use_gt_as_interp_link"", ""use gt when performing point interplation while unwrapping the velodyne scans"")
	(""save_clouds"", ""save all clouds that are added to the map"")
	(""tf_topic"", po::value<std::string>(&tf_topic)->default_value(std::string(""/tf"")), ""tf topic to listen to"")
	(""x"", po::value<double>(&transl[0])->default_value(0.), ""sensor pose - translation vector x"")
	(""y"", po::value<double>(&transl[1])->default_value(0.), ""sensor pose - translation vector y"")
	(""z"", po::value<double>(&transl[2])->default_value(0.), ""sensor pose - translation vector z"")
	(""ex"", po::value<double>(&euler[0])->default_value(0.), ""sensor pose - euler angle vector x"")
	(""ey"", po::value<double>(&euler[1])->default_value(0.), ""sensor pose - euler angle vector y"")
	(""ez"", po::value<double>(&euler[2])->default_value(0.), ""sensor pose - euler angle vector z"")
	(""sensor_time_offset"", po::value<double>(&sensor_time_offset)->default_value(0.), ""timeoffset of the scanner data"")
	;


    po::variables_map vm;
    po::store(po::parse_command_line(argc, argv, desc), vm);
    po::notify(vm);

    if (!vm.count(""base-name"") ||!vm.count(""dir-name""))
    {
	cout << ""Missing base or dir names.\n"";
	cout << desc << ""\n"";
	return 1;
    }
    if (vm.count(""help""))
    {
	cout << desc << ""\n"";
	return 1;
    }
    if (!vm.count(""map-dir-name""))
    {
	map_dirname=""map"";
    }
    bool use_odometry = vm.count(""use-odometry"");
    bool match2d = vm.count(""match2d"");
    bool visualize = vm.count(""visualize"");
    bool do_baseline = vm.count(""baseline"");
    bool guess_zpitch = vm.count(""guess-zpitch"");
    bool use_multires = vm.count(""use-multires"");
    bool beHMT = vm.count(""nosubmaps"")==0;
    bool fuse_incomplete = vm.count(""fuse-incomplete"");
    bool preload = vm.count(""pre-load"");
    bool filter_fov = vm.count(""filter-fov"");
    bool step_control = (vm.count(""no-step-control"") == 0);
    bool do_soft_constraints = vm.count(""do-soft-constraints"");
    bool COOP = vm.count(""COOP"");
    bool VCE = vm.count(""VCE"");
    bool VCEnov16 = vm.count(""VCEnov16"");
    bool dustcart = vm.count(""dustcart"");
    bool alive = vm.count(""alive"");
    bool save_map = vm.count(""save_map"");
    bool disable_reg = vm.count(""disable_reg"");
    bool use_gt_as_interp_link = vm.count(""use_gt_as_interp_link"");
    bool save_clouds = vm.count(""save_clouds"");
    
    if(filter_fov) {
	cout << ""filtering FOV of sensor to min/max ""<<hori_min<<"" ""<<hori_max<<endl;
    }

    base_name += motion_params.getDescString() + std::string(""_res"") + toString(resolution) + std::string(""_SC"") + toString(do_soft_constraints) + std::string(""_mindist"") + toString(min_dist) + std::string(""_sensorcutoff"") + toString(sensor_cutoff) + std::string(""_stepcontrol"") + toString(step_control) + std::string(""_neighbours"") + toString(nb_neighbours) + std::string(""_rlf"") + toString(resolution_local_factor);
	
	
	std::cout << resolution << "" "" << size_xy << "" "" << size_xy << "" "" << size_z << "" "" << 
                                       sensor_cutoff << "" "" << visualize << "" match2d "" << match2d << "" "" << use_multires << "" "" << 
                                       fuse_incomplete << "" itrs "" << itrs << "" "" << base_name  << "" beHMT "" <<  beHMT  << "" "" <<  map_dirname << "" step_control "" << step_control << "" "" << do_soft_constraints << "" nb_neighb "" << nb_neighbours << "" "" << resolution_local_factor << "" min range "" << min_range << std::endl;
									   
// 									   exit(0);
									   
	
	//PARAMETERS for MPR
	//Same as for logger test
	size_xy = 100;
	size_z = 1;
	beHMT = 0; //false
	resolution_local_factor = 1.;
	use_odometry = true;
	use_multires = 0;
	resolution = 1;
	sensor_cutoff = 20;
	step_control = true;
	motion_params.Dd = 1;
	motion_params.Dt = 1;
	motion_params.Cd = 1;
	motion_params.Ct = 1;
	motion_params.Td = 10;
	motion_params.Tt = 10;
	
	std::cout << resolution << "" "" << size_xy << "" "" << size_xy << "" "" << size_z << "" "" << 
	sensor_cutoff << "" "" << visualize << "" match2d "" << match2d << "" "" << use_multires << "" "" << 
	fuse_incomplete << "" itrs "" << itrs << "" "" << base_name  << "" beHMT "" <<  beHMT  << "" "" <<  map_dirname << "" step_control "" << step_control << "" "" << do_soft_constraints << "" nb_neighb "" << nb_neighbours << "" "" << resolution_local_factor << std::endl;
									   
									   

// 	exit(0);
	std::string file_to_log(""/home/malcolm/Documents/log_fuser/log_fuser_pointcloud_offline.txt"");
    perception_oru::ndt_fuser::NDTFuserHMTLogger ndtslammer(file_to_log, resolution, size_xy, size_xy, size_z, 
                                       sensor_cutoff, visualize, match2d, use_multires, 
                                       fuse_incomplete, itrs, base_name, beHMT, map_dirname, step_control, do_soft_constraints, nb_neighbours, resolution_local_factor);
//     ros::Time::init();
// 	if(!ros::isInitialized()){
// 		ros::Time::init();
// 	}
	
	ndtslammer.print();
// 	exit(0);
		srand(time(NULL));
    bool noOdometry = false;
	
    ndtslammer.disableRegistration = disable_reg;

    /// Set up the sensor link
    tf::StampedTransform sensor_link; ///Link from /odom_base_link -> velodyne
    sensor_link.child_frame_id_ = tf_sensor_link;
    sensor_link.frame_id_ = tf_base_link; //""/odom_base_link"";
    tf::Quaternion quat; 

    quat.setRPY(euler[0], euler[1], euler[2]);
    tf::Vector3 trans(transl[0], transl[1], transl[2]);
    if (COOP) {
      trans[0] = 0.96;
      trans[1] = 0.34;
      trans[2] = 4.0;
      quat.setRPY(0,0,7.2*M_PI/180.0);
    }
    if (VCE) {
      trans[0] = 3.0;
      trans[1] = 0.;
      trans[2] = 3.2; // 1.2
      quat.setRPY(0, 0.18, 0);
    }
    if (VCEnov16) {
	sensor_time_offset = -0.04886; //-0.0921114;
	trans[0] = 3.34925;
        trans[1] = 0.00668733;
	trans[2] = 1.17057819451374;
	quat.setRPY(0.0003905, 0.0331966, 0.0105067);

      // trans[0] = 3.0;//3.0;
      // trans[1] = 0.;
      // trans[2] = 1.2;//1.2;
      // quat.setRPY(0, 0.0, 0); // 0.01
    }
    if (dustcart) {
      trans[0] = -0.5;
      trans[1] = 0.;
      trans[2] = 1.9; // 1.2
      quat.setRPY(0, 0, -1.57);
    }

    tf::Transform T = tf::Transform(quat,trans);
    sensor_link.setData(T);

    std::vector<std::string> scanfiles;
    DIR *dir;
    struct dirent *ent;
    if ((dir = opendir (dirname.c_str()))!= NULL) {
	while ((ent = readdir (dir))!= NULL) {
	    if(ent->d_name[0] == '.') continue;
	    char tmpcname[400];
	    snprintf(tmpcname,399,""%s/%s"",dirname.c_str(),ent->d_name);
	    std::string tmpfname = tmpcname;
	    scanfiles.push_back(tmpfname);
	}
	closedir (dir);
    } else {
       std::cerr<<""Could not parse dir name\n"";
       return -1;	
    }
    sort(scanfiles.begin(),scanfiles.end());
    {
      std::cout << ""files to be loaded : "" << std::endl;
      for (size_t i = 0; i < scanfiles.size(); i++) {
        std::cout << "" "" << scanfiles[i] << std::flush;
      }
      std::cout << std::endl;
    }
    Eigen::Affine3d Told,Tprev,Tsold;
    int counter = 0;

    std::ofstream gt_file, odom_file, est_file, sensorpose_est_file;
    std::string filename;
    { 
      filename = base_name + std::string(""_gt.txt"");
      gt_file.open(filename.c_str());
    }
    { 
      filename = base_name + std::string(""_est.txt"");
      est_file.open(filename.c_str());
    }
    {
      filename = base_name + std::string(""_sensorpose_est.txt"");
      sensorpose_est_file.open(filename.c_str());
    }
    { 
      filename = base_name + std::string(""_odom.txt"");
      odom_file.open(filename.c_str());
    }
    if (!gt_file.is_open() ||!est_file.is_open() ||!odom_file.is_open())
    {
//       ROS_ERROR_STREAM(""Failed to open : "" << gt_file << "" || "" << est_file << "" || "" << odom_file); 
    }


    std::string tf_interp_link = tf_base_link;
    if (use_gt_as_interp_link) {
      tf_interp_link = tf_gt_link;
    }

    for(int i=0; i<scanfiles.size(); i++) {
		
		std::string bagfilename = scanfiles[i];
		fprintf(stderr,""Opening %s\n"",bagfilename.c_str());
		perception_oru::ndt_offline::PointCloudBagReader<pcl::PointXYZ> vreader(velodyne_config_file, 
							bagfilename,
							tf_base_link,
							tf_sensor_link, 
							tf_world_frame,
							tf_topic,
							ros::Duration(3600),
							&sensor_link,
							0, 0.02, min_range, true, false);  

		pcl::PointCloud<pcl::PointXYZ> cloud;	
		tf::Transform sensor_pose;
		bool cameraset = false;
		int numclouds = 0;
		tf::Transform basepose;
			

		
		Eigen::Affine3d added_motion;

		while(vreader.readMultipleMeasurements(nb_scan_msgs, cloud)){
			std::cout << ""Reading and counter "" << counter << std::endl;
			
			
			if (counter == 689) {
				std::cout << ""Saving map of cell : "" << ndtslammer.map->getAllCells().size() << std::endl;
				if (ndtslammer.wasInit() && ndtslammer.map!= NULL) {
					ndtslammer.map->writeToJFF(""map_middle.jff"");
					std::cout << ""Done."" << std::endl;
					
					
				}
				else {
					std::cout << ""Failed to save map, ndtslammer was not initiated(!)"" << std::endl;
				}
			}
			
			
			

			ros::spinOnce();
			sensor_msgs::PointCloud2 mesg;
// 							mesg.header.frame_id = ""/velodyne"";
// 							mesg.header.stamp = ros::Time::now();
			
			pcl::toROSMsg (cloud, mesg);
			
			std::cout << ""FRAME "" << mesg.header.frame_id << std::endl;
			
			mesg.header.frame_id = ""/velodyne"";
			mesg.header.stamp = ros::Time::now();
			laserpub.publish<sensor_msgs::PointCloud2>(mesg);
			
			
			
			if(counter == 0){
				counter ++;
				cloud.clear();	
				continue;
			}
			else if(counter == 1){
				
				std::cout << ""initializing..."" << vreader.getLastPose().matrix() << "" sensor "" << vreader.getSensorPose().matrix() << ""cloud "" << cloud.size() << std::endl;
				
				added_motion.setIdentity();
				
				/******************************/
				/******************************/
				
				///GOOD ONE FROM THE BAG
// 				Eigen::Affine3d sens = vreader.getSensorPose();
// 				sens(2,3) = -0.505;
				
				double roll = 0, pitch = 0, yaw = 3.14159;
				Eigen::Affine3d sens = Eigen::Translation<double,3>(0,0,1)*
					Eigen::AngleAxis<double>(roll, Eigen::Vector3d::UnitX()) *
					Eigen::AngleAxis<double>(pitch, Eigen::Vector3d::UnitY()) *
					Eigen::AngleAxis<double>(yaw, Eigen::Vector3d::UnitZ()) ;
					
				/******************************/
				/******************************/
				
				ndtslammer.setSensorPose(sens);
				std::cout << std::endl <<""Sernsort pose "" << sens.matrix() << std::endl;
				ndtslammer.setMotionParams(motion_params);
				
				ndtslammer.initialize(vreader.getLastPose(), cloud);
				std::cout << std::endl <<""Robot pose "" << vreader.getLastPose().matrix() << std::endl;

				std::cout << ""initializing done"" << std::endl;
// 				exit(0);
				std::cout << ""Saving map of cell : "" << ndtslammer.map->getAllCells().size() << "" with cloud "" << cloud.size() << std::endl;
				ndtslammer.print();
// 				exit(0);
				//Told = Tgt;//for gt

				if (save_clouds) {
					saveCloud(counter-1, cloud);
				}

				counter ++;
				cloud.clear();	
				continue;
			}
			else{

	// 	    Eigen::Affine3d Tmotion = Told.inverse()*Tbase;
				Eigen::Affine3d Tmotion;
				if(!use_odometry) {
					std::cout << ""No odom"" << std::endl;
					Tmotion.setIdentity();
				} else {

					Tmotion = vreader.getMotion();
					added_motion = added_motion * Tmotion;
					
					Eigen::Vector3d added_motion_euler = added_motion.rotation().eulerAngles(0,1,2);
						
					if(added_motion.translation().norm() > min_dist || fabs(added_motion_euler[2]) > (min_rot_in_deg*M_PI/180.0)) {
						Eigen::Affine3d Todo = ndtslammer.update(added_motion, cloud, vreader.getTimeStampOfLastMsg());
						
						added_motion.setIdentity();
						
						std::cout << std::endl << ""Updated "" << cloud.size() << "" motion "" << Tmotion.matrix() << "" counter "" << counter << std::endl;
						std::cout << ""Saving map of cell : "" << ndtslammer.map->getAllCells().size() << std::endl;
						if (ndtslammer.wasInit() && ndtslammer.map!= NULL) {
							ndtslammer.map->writeToJFF(""map.jff"");
							std::cout << ""Done."" << std::endl;
						}
						else {
							std::cout << ""Failed to save map, ndtslammer was not initiated(!)"" << std::endl;
						}
						
						std::cout << ""pub"" << std::endl;
// 						while(ros::ok()){
							
							//Tested and working!
							
							ros::spinOnce();
							sensor_msgs::PointCloud2 mesg;
							mesg.header.frame_id = ""/velodyne"";
							mesg.header.stamp = ros::Time::now();
							
							pcl::toROSMsg (cloud, mesg);
							
						
					}
					else{
					}
					counter++;
				}
				if (save_clouds) {
					saveCloud(counter-1, cloud);
				}
				
				
				cloud.clear();	
				numclouds++;

				// Evaluation 
	// 			ros::Time frame_time = vreader.getTimeStampOfLastSensorMsg();
	// 			gt_file << frame_time << "" "" << transformToEvalString(Tgt);
	// 			odom_file << frame_time << "" "" << transformToEvalString(Tbase);
	// 			est_file << frame_time << "" "" << transformToEvalString(Todo);
	// 			sensorpose_est_file << frame_time << "" "" << transformToEvalString(Todo * Ts); 
			}
		}

		gt_file.close();
		odom_file.close();
		est_file.close();
		sensorpose_est_file.close();

		if (save_map) {
			std::cout << ""Saving map of cell : "" << ndtslammer.map->getAllCells().size() << std::endl;
			if (ndtslammer.wasInit() && ndtslammer.map!= NULL) {
				ndtslammer.map->writeToJFF(""map.jff"");
				std::cout << ""Done."" << std::endl;
				
				while(ros::ok()){
					ros::spinOnce();
					ndt_map::NDTMapMsg mapmsg;
          perception_oru::toMessage(ndtslammer.map, mapmsg, ""velodyne"");
					ndt_map_pubb.publish<ndt_map::NDTMapMsg>(mapmsg);
				}
				
				
			}
			else {
				std::cout << ""Failed to save map, ndtslammer was not initiated(!)"" << std::endl;
			}
		}

		if (alive) {
		while (1) {
			usleep(1000);
		}
		}

		usleep(1000*1000);
		std::cout << ""Done."" << std::endl;
	}
}

What files are opened for writing at the start and what data is written to them over time?","// til: C++
#include <ndt_fuser/ndt_fuser_hmt.h>
#include <pcl/conversions.h>
#include <pcl/point_cloud.h>
#include <pcl/io/pcd_io.h>
#include <pcl/point_types.h>
#include <ndt_map/ndt_map.h>
#include <ndt_map/ndt_cell.h>
#include <ndt_map/pointcloud_utils.h>
#include <tf_conversions/tf_eigen.h>
#include <cstdio>
#include <Eigen/Eigen>
#include <Eigen/Geometry>
#include <fstream>
#include <stdio.h>
#include <stdlib.h>
#include <dirent.h>
#include <algorithm>

#include <ndt_map/NDTMapMsg.h>
#include <ndt_map/ndt_conversions.h>
#include <ndt_fuser/ndt_fuser_ros_wrappers/ros_fuser_init.hpp>
#include <ndt_fuser/ndt_fuser_ros_wrappers/ndt_fuser_logger.hpp>


#include ""ndt_offline/PointCloudReader.hpp""

#include <boost/program_options.hpp>
namespace po = boost::program_options;
using namespace std;

inline void normalizeEulerAngles(Eigen::Vector3d &euler) {
  if (fabs(euler[0]) > M_PI/2) {
    euler[0] += M_PI;
    euler[1] += M_PI;
    euler[2] += M_PI;
    
    euler[0] = angles::normalize_angle(euler[0]);
    euler[1] = angles::normalize_angle(euler[1]);
    euler[2] = angles::normalize_angle(euler[2]);
  }
}

template<class T> std::string toString (const T& x)
{
     std::ostrengstream o;

     if (!(o << x))
	  throw std::runtime_error (""::toString()"");

     return o.str ();
}

void filter_fov_fun(pcl::PointCloud<pcl::PointXYZ> &cloud, pcl::PointCloud<pcl::PointXYZ> &cloud_nofilter, double hori_min, double hori_max) {
    for(int i=0; i<cloud_nofilter.points.size(); ++i) {
	double ang = atan2(cloud_nofilter.points[i].y, cloud_nofilter.points[i].x);
	if(ang < hori_min || ang > hori_max) continue;
	cloud.points.push_back(cloud_nofilter.points[i]);
    }
    cloud.width = cloud.points.size();
    cloud.height = 1;
    std::cout << ""nb clouds : "" << cloud.points.size() << std::endl;
}


std::string transformToEvalString(const Eigen::Transform<double,3,Eigen::Affine,Eigen::ColMajor> &T) {
  std::ost 	stream;
  stream << std::setprecision(std::numeric_limits<double>::digits10);
  Eigen::Quaternion<double> tmp(T.rotation());
  stream << T.translation().transpose() << "" "" << tmp.x() << "" "" << tmp.y() << "" "" << tmp.z() << "" "" << tmp.w() << std::endl; 
  return stream.str();
}

void saveCloud(int counter, const pcl::PointCloud<pcl::PointXYZ> &cloud) {
    std::string pcd_file = std::string(""cloud"") + toString(counter) + std::string("".pcd"");
    std::cout << ""saving : "" << pcd_file << std::endl;
    pcl::io::savePCDFileASCII (pcd_file, cloud);
}


/////////////////////////////////////////////////////////////////////////////////7
/////////////////////////////////////////////////////////////////////////////////7
/// *!!MAIN!!*
/////////////////////////////////////////////////////////////////////////////////7
/////////////////////////////////////////////////////////////////////////////////7
int main(int argc, char **argv){
	
	ros::init(argc, argv, ""ndt_offline"");
    ros::NodeHandle nh;
	ros::Publisher laserpub;
	ros::Publisher ndt_map_pubb;
	laserpub = nh.advertise<sensor_msgs::PointCloud2>(""laser_read"", 10);
	ndt_map_pubb = nh.advertise<ndt_map::NDTMapMsg>(""ndtndtndtmap"", 10);
	ros::Publisher laserpub_real;
	laserpub_real = nh.advertise<sensor_msgs::LaserScan>(""laser_read_real"", 10);
	
	
    std::string dirname;
        std::string map_dirname;
    std::string base_name;
    double size_xy;
    double size_z;
    double resolution;
    double resolution_local_factor;
    double sensor_cutoff;
    double hori_min, hori_max;
    double min_dist, min_rot_in_deg;
    double max_range, min_range;
    int itrs;
    int nb_neighbours;
    int nb_scan_msgs;
    perception_oru::MotionModel2d::Params motion_params;
    std::string tf_base_link, tf_gt_link, tf_world_frame, tf_sensor_link;
    std::string velodyne_config_file;
    std::string velodyne_packets_topic;
//     std::string velodyne_frame_id;
    std::string tf_topic;
    Eigen::Vector3d transl;
    Eigen::Vector3d euler;
    double sensor_time_offset;
	
// 	<param name=""size_x_meters"" value=""30"" />
// 	<param name=""size_y_meters"" value=""30"" />
// 	<param name=""size_z_meters"" value=""0.8"" />
// 	<param name=""resolution"" value=""0.2"" />
// 	<param name=""beHMT"" value=""false"" />
// 	<param name=""useOdometry"" value=""true"" />

    po::options_description desc(""Ruxsat etilgan opsiyalar"");
    desc.add_options()
	(""help"", ""yordam xabarini ko'rsatish"")
	(""visualize"", ""natisani vizualizatsiya qilish"")
	(""use-odometry"", ""odometriyadan boshlang'ich taxminni ishlatish"")
	(""match2d"", ""2d-matcherdan foydalanish"")
	(""no-step-control"", ""optimallashtirishda qadam nazoratidan foydalanmaslik (standart=false)"")
	(""nosubmaps"", ""standart birlashtiruvchini ishlatish"")
	(""pre-load"", ""mavjud bo'lsa, kartani katalogdan yuklash"")
	(""base-name"", po::value<string>(&base_name), ""barcha yaratilgan fayllar uchun prefiks"")
	(""dir-name"", po::value<string>(&dirname), ""SCANlarni qayerdan qidirish"")
	(""map-dir-name"", po::value<string>(&map_dirname), ""karta qismlarini qayerda saqlash (standart it./map)"")
	(""size-xy"", po::value<double>(&size_xy)->default_value(30.), ""markaziy karta xy hajmi"")
	(""size-z"", po::value<double>(&size_z)->default_value(0.8), ""karta balandligi"")
	(""resolution"", po::value<double>(&resolution)->default_value(0.1), ""karta rezolyutsiyasi"")
	(""resolution_local_factor"", po::value<double>(&resolution_local_factor)->default_value(0.2), ""moslashtirish va birlashtirish bosqichida ishlatiladigan mahalliy karta rezolyutsiyasi faktori"")
	(""sensor_cutoff"", po::value<double>(&sensor_cutoff)->default_value(1000), ""ushbu qiymatdan uzunroq masofalarni e'tiborsiz qoldirish"")
	(""itrs"", po::value<int>(&itrs)->default_value(30), ""karta rezolyutsiyasi"")
	(""baseline"", ""asosiy chiziqni ro'yxatga olish algoritmlarini ham ishlatish"")
	(""guess-zpitch"", ""odometriyadan z va pitchni ham taxmin qilish"")
	(""use-multires"", ""ko'p rezolyutsiyali taxminni ishlatish"")
	(""fuse-incomplete"", ""iteratsiyalar tugagan bo'lsa ham, ro'yxatga olish bahosini birlashtirish."") ""itr sonlarining kamligi bilan birgalikda foydali bo'lishi mumkin"")
(""filter-fov"", ""ko'rish maydonining kesish qismi"")
(""hori-max"", po::value<double>(&hori_max)->default_value(2*M_PI), ""gorizontal ko'rish maydoni burchagining maksimal qiymati"")
(""hori-min"", po::value<double>(&hori_min)->default_value(-hori_max), ""gorizontal ko'rish maydoni burchagining minimal qiymati"")
(""COOP"", ""COOP ma'lumotlar toplusidan parametrlarni ishlatish kerakmi (sensorpose)"")
(""VCE"", ""VCE dan sensorpose parametrlarni ishlatish kerakmi"")
(""VCEnov16"", ""VCE 16 noyabr ma'lumotlar toplusidan sensorpose parametrlarni ishlatish kerakmi"")
(""dustcart"", ""dustcart dan sensorpose parametrlarni ishlatish kerakmi"")
(""do-soft-constraints"", ""odometriyadan yumshoq cheklovlarni ishlatish kerakmi"")
(""Dd"", po::value<double>(&motion_params.Dd)->default_value( 0.005), ""bosib o'tilgan masofadagi oldinga noaniqlik"")
(""Dt"", po::value<double>(&motion_params.Dt)->default_value( 0.01), ""aylanishdagi oldinga noaniqlik"")
(""Cd"", po::value<double>(&motion_params.Cd)->default_value( 0.001), ""bosib o'tilgan masofadagi yon noaniqlik"")
(""Ct"", po::value<double>(&motion_params.Ct)->default_value( 0.01), ""aylanishdagi yon noaniqlik"")
(""Td"", po::value<double>(&motion_params.Td)->default_value( 0.001), ""bosib o'tilgan masofadagi aylanish noaniqligi"")
(""Tt"", po::value<double>(&motion_params.Tt)->default_value( 0.005), ""aylanishdagi aylanish noaniqligi"")
(""min_dist"", po::value<double>(&min_dist)->default_value(0.2), ""bulutni qo'shishdan oldin bosib o'tilgan minimal masofa"")
(""min_rot_in_deg"", po::value<double>(&min_rot_in_deg)->default_value(5), ""bulutni qo'shishdan oldin minimal aylanish"")
(""tf_base_link"", po::value<std::string>(&tf_base_link)->default_value(std::string(""/odom_base_link"")), ""tf_base_link"")
(""tf_sensor_link"", po::value<std::string>(&tf_sensor_link)->default_value(std::string(""/sensor_link"")), ""tf_sensor_link : sensorning joylashuvi tf"")
(""tf_gt_link"", po::value<std::string>(&tf_gt_link)->default_value(std::string(""/state_base_link"")), ""tf ground truth link"")
(""velodyne_config_file"", po::value<std::string>(&velodyne_config_file)->default_value(std::string(""velo32.yaml"")), ""skaner uchun konfiguratsiya fayli"")
(""tf_world_frame"", po::value<std::string>(&tf_world_frame)->default_value(std::string(""/odom"")), ""tf dunyo ramkasi"")
(""velodyne_packets_topic"", po::value<std::string>(&velodyne_packets_topic)->default_value(std::string(""velodyne_packets"")), ""ishlatilayotgan velodyne paketlari mavzusi"")
//(""velodyne_frame_id"", po::value<std::string>(&velodyne_frame_id)->default_value(std::string(""/velodyne"")), ""velodyne ning frame_id"")
(""alive"", ""mapper/visualization tugatilgan bo'lsa ham ishlayotganligini saqlab qolish (masalan,"" ekran tasvirini olish va hokazo."")
	(""nb_neighbours"", po::value<int>(&nb_neighbours)->default_value(2), ""ro'yxatga olishda ishlatiladigan qo'shnilar soni"")
	(""max_range"", po::value<double>(&max_range)->default_value(70.), ""skanerdan ishlatiladigan maksimal diapazon"")
	(""min_range"", po::value<double>(&min_range)->default_value(1.5), ""skanerdan ishlatiladigan minimal diapazon"")
	(""save_map"", ""bajarish yakunida xaritani saqlaydi"")
	(""disable_reg"", ""ro'yxatga olishni butunlay o'chiradi"")
	(""nb_scan_msgs"", po::value<int>(&nb_scan_msgs)->default_value(1), ""bag'dan bir vaqtda yuklanishi kerak bo'lgan skanerlash xabarlarining soni"")
	(""use_gt_as_interp_link"", ""velodyne skanerlarini ochishda nuqta interpolatsiyasini bajarishda gt dan foydalaning"")
	(""save_clouds"", ""xaritaga qo'shilgan barcha bulutlarni saqlaydi"")
	(""tf_topic"", po::value<std::string>(&tf_topic)->default_value(std::string(""/tf"")), ""tinglash uchun tf mavzusi"")
	(""x"", po::value<double>(&transl[0])->default_value(0.), ""sensor holati - translatsiya vektori x"")
	(""y"", po::value<double>(&transl[1])->default_value(0.), ""sensor holati - translatsiya vektori y"")
	(""z"", po::value<double>(&transl[2])->default_value(0.), ""sensor holati - translatsiya vektori z"")
	(""ex"", po::value<double>(&euler[0])->default_value(0.), ""sensor holati - euler burchagi vektori x"")
	(""ey"", po::value<double>(&euler[1])->default_value(0.), ""sensor holati - euler burchagi vektori y"")
	(""ez"", po::value<double>(&euler[2])->default_value(0.), ""sensor holati - euler burchagi vektori z"")
	(""sensor_time_offset"", po::value<double>(&sensor_time_offset)->default_value(0.), ""skaner ma'lumotlarining vaqt ofseti"")
	;


    po::variables_map vm;
    po::store(po::parse_command_line(argc, argv, desc), vm);
    po::notify(vm);

    ```
if (!vm.count(""base-name"") ||!vm.count(""dir-name""))
{
cout << ""Baza yoki katalog nomlari etishmayapti.\n"";
cout << desc << ""\n"";
return 1;
}
if (vm.count(""help""))
{
cout << desc << ""\n"";
return 1;
}
if (!vm.count(""map-dir-name""))
{
map_dirname=""map"";
}
bool use_odometry = vm.count(""use-odometry"");
bool match2d = vm.count(""match2d"");
bool visualize = vm.count(""visualize"");
bool do_baseline = vm.count(""baseline"");
bool guess_zpitch = vm.count(""guess-zpitch"");
bool use_multires = vm.count(""use-multires"");
bool beHMT = vm.count(""nosubmaps"")==0;
bool fuse_incomplete = vm.count(""fuse-incomplete"");
bool preload = vm.count(""pre-load"");
bool filter_fov = vm.count(""filter-fov"");
bool step_control = (vm.count(""no-step-control"") == 0);
bool do_soft_constraints = vm.count(""do-soft-constraints"");
bool COOP = vm.count(""COOP"");
bool VCE = vm.count(""VCE"");
bool VCEnov16 = vm.count(""VCEnov16"");
bool dustcart = vm.count(""dustcart"");
bool alive = vm.count(""alive"");
bool save_map = vm.count(""save_map"");
bool disable_reg = vm.count(""disable_reg"");
bool use_gt_as_interp_link = vm.count(""use_gt_as_interp_link"");
bool save_clouds = vm.count(""save_clouds"");

if(filter_fov) {
cout << ""Sensorning FOV filtrlash minimal/maksimal ""<<hori_min<<"" ""<<hori_max<<endl;
}

base_name += motion_params.getDescString() + std::string(""_res"") + toString(resolution) + std::string(""_SC"") + toString(do_soft_constraints) + std::string(""_mindist"") + toString(min_dist) + std::string(""_sensorcutoff"") + toString(sensor_cutoff) + std::string(""_stepcontrol"") + toString(step_control) + std::string(""_neighbours"") + toString(nb_neighbours) + std::string(""_rlf"") + toString(resolution_local_factor);
```
	
	
	```
std::cout << resolution << "" "" << size_xy << "" "" << size_xy << "" "" << size_z << "" "" << 
                                       sensor_cutoff << "" "" << visualize << "" match2d "" << match2d << "" "" << use_multires << "" "" << 
                                       fuse_incomplete << "" itrs "" << itrs << "" "" << base_name  << "" beHMT "" <<  beHMT  << "" "" <<  map_dirname << "" step_control "" << step_control << "" "" << do_soft_constraints << "" nb_neighb "" << nb_neighbours << "" "" << resolution_local_factor << "" min range "" << min_range << std::endl;
                                      
//                                       exit(0);
                                      
	
	//MPR uchun PARAMETRLAR
	//Logger testi bilan bir xil
	size_xy = 100;
	size_z = 1;
	beHMT = 0; //false
	resolution_local_factor = 1.;
	use_odometry = true;
	use_multires = 0;
	resolution = 1;
	sensor_cutoff = 20;
	step_control = true;
	motion_params.Dd = 1;
	motion_params.Dt = 1;
	motion_params.Cd = 1;
	motion_params.Ct = 1;
	motion_params.Td = 10;
	motion_params.Tt = 10;
	
	std::cout << resolution << "" "" << size_xy << "" "" << size_xy << "" "" << size_z << "" "" << 
	sensor_cutoff << "" "" << visualize << "" match2d "" << match2d << "" "" << use_multires << "" "" << 
	fuse_incomplete << "" itrs "" << itrs << "" "" << base_name  << "" beHMT "" <<  beHMT  << "" "" <<  map_dirname << "" step_control "" << step_control << "" "" << do_soft_constraints << "" nb_neighb "" << nb_neighbours << "" "" << resolution_local_factor << std::endl;
                                      
                                      

//                                       exit(0);
```
	std::string file_to_log(""/home/malcolm/Documents/log_fuser/log_fuser_pointcloud_offline.txt"");
    perception_oru::ndt_fuser::NDTFuserHMTLogger ndtslammer(file_to_log, resolution, size_xy, size_xy, size_z,
                                       sensor_cutoff, visualize, match2d, use_multires,
                                       fuse_incomplete, itrs, base_name, beHMT, map_dirname, step_control, do_soft_constraints, nb_neighbours, resolution_local_factor);
//     ros::Time::init();
// 	if(!ros::isInitialized()){
// 		ros::Time::init();
// 	}

	ndtslammer.print();
// 	exit(0);
		srand(time(NULL));
    bool noOdometry = false;

	
    ndtslammer.disableRegistration = disable_reg;

    /// Sensor linkini sozlash
    tf::StampedTransform sensor_link; ///Link from /odom_base_link -> velodyne
    sensor_link.child_frame_id_ = tf_sensor_link;
    sensor_link.frame_id_ = tf_base_link; //""/odom_base_link"";
    tf::Quaternion quat;

    quat.setRPY(euler[0], euler[1], euler[2]);
    tf::Vector3 trans(transl[0], transl[1], transl[2]);
    if (COOP) {
      trans[0] = 0.96;
      trans[1] = 0.34;
      trans[2] = 4.0;
      quat.setRPY(0,0,7.2*M_PI/180.0);
    }
    if (VCE) {
      trans[0] = 3.0;
      trans[1] = 0.;
      trans[2] = 3.2; // 1.2
      quat.setRPY(0, 0.18, 0);
    }
    if (VCEnov16) {
	sensor_time_offset = -0.04886; //-0.0921114;
trans[0] = 3.34925;
        trans[1] = 0.00668733;
trans[2] = 1.17057819451374;
quat.setRPY(0.0003905, 0.0331966, 0.0105067);

      // trans[0] = 3.0;//3.0;
      // trans[1] = 0.;
      // trans[2] = 1.2;//1.2;
      // quat.setRPY(0, 0.0, 0); // 0.01
    }
    if (dustcart) {
      trans[0] = -0.5;
      trans[1] = 0.;
      trans[2] = 1.9; // 1.2
      quat.setRPY(0, 0, -1.57);
    }

    tf::Transform T = tf::Transform(quat,trans);
    sensor_link.setData(T);

    std::vector<std::string> scanfiles;
    DIR *dir;
    struct dirent *ent;
    if ((dir = opendir (dirname.c_str()))!= NULL) {
	while ((ent = readdir (dir))!= NULL) {
	    if(ent->d_name[0] == '.') continue;
	    char tmpcname[400];
	    snprintf(tmpcname,399,""%s/%s"",dirname.c_str(),ent->d_name);
	    std::string tmpfname = tmpcname;
	    scanfiles.push_back(tmpfname);
	}
	closedir (dir);
    } else {
       std::cerr<<""Could not parse dir name\n"";
       return -1;
    }
    sort(scanfiles.begin(),scanfiles.end());
    {
      std::cout << ""yuklanishi kerak bo'lgan fayllar : "" << std::endl;
      for (size_t i = 0; i < scanfiles.size(); i++) {
        std::cout << "" "" << scanfiles[i] << std::flush;
            }
      std::cout << std::endl;
    }
    Eigen::Affine3d Told,Tprev,Tsold;
    int counter = 0;

    std::ofstream gt_file, odom_file, est_file, sensorpose_est_file;
    std::string filename;
    { 
      filename = base_name + std::string(""_gt.txt"");
      gt_file.open(filename.c_str());
    }
    { 
      filename = base_name + std::string(""_est.txt"");
      est_file.open(filename.c_str());
    }
    {
      filename = base_name + std::string(""_sensorpose_est.txt"");
      sensorpose_est_file.open(filename.c_str());
    }
    { 
      filename = base_name + std::string(""_odom.txt"");
      odom_file.open(filename.c_str());
    }
    if (!gt_file.is_open() ||!est_file.is_open() ||!odom_file.is_open())
    {
//       ROS_ERROR_STREAM(""Failed to open : "" << gt_file << "" || "" << est_file << "" || "" << odom_file); 
    }


    std::string tf_interp_link = tf_base_link;
    if (use_gt_as_interp_link) {
      tf_interp_link = tf_gt_link;
    }

    for(int i=0; i<scanfiles.size(); i++) {
		
		std::string bagfilename = scanfiles[i];
		fprintf(stderr,""Opening %s\n"",bagfilename.c_str());
		perception_oru::ndt_offline::PointCloudBagReader<pcl::PointXYZ> vreader(velodyne_config_file, 
							bagfilename,
							tf_base_link,
							tf_sensor_link, 
							tf_world_frame,
							tf_topic,
							ros::Duration(3600),
							&sensor_link,
							0, 0.02, min_range, true, false);  

		pcl::PointCloud<pcl::PointXYZ> cloud;	
		tf::Transform sensor_pose;
bool cameraset = false;
int numclouds = 0;
tf::Transform basepose;


Eigen::Affine3d added_motion;

while(vreader.readMultipleMeasurements(nb_scan_msgs, cloud)){
	std::cout << ""Reading and counter "" << counter << std::endl;
	
	
	if (counter == 689) {
		std::cout << ""Saving map of cell : "" << ndtslammer.map->getAllCells().size() << std::endl;
		if (ndtslammer.wasInit() && ndtslammer.map!= NULL) {
			ndtslammer.map->writeToJFF(""map_middle.jff"");
			std::cout << ""Done."" << std::endl;
			
			
		}
		else {
			std::cout << ""Failed to save map, ndtslammer was not initiated(!)"" << std::endl;
		}
	}
	
	
	

	ros::spinOnce();
	sensor_msgs::PointCloud2 mesg;
// 							mesg.header.frame_id = ""/velodyne"";
// 							mesg.header.stamp = ros::Time::now();
	
	pcl::toROSMsg (cloud, mesg);
	
	std::cout << ""FRAME "" << mesg.header.frame_id << std::endl;
	
	mesg.header.frame_id = ""/velodyne"";
	mesg.header.stamp = ros::Time::now();
	laserpub.publish<sensor_msgs::PointCloud2>(mesg);
	
	
	
	if(counter == 0){
		counter ++;
		cloud.clear();	
		continue;
	}
	else if(counter == 1){
		
		std::cout << ""initializing..."" << vreader.getLastPose().matrix() << "" sensor "" << vreader.getSensorPose().matrix() << ""cloud "" << cloud.size() << std::endl;
		
		added_motion.setIdentity();
		
		/******************************/
		/******************************/
		
		///GOOD ONE FROM THE BAG
// 				Eigen::Affine3d sens = vreader.getSensorPose();
// 				sens(2,3) = -0.505;
				
				double roll = 0, pitch = 0, yaw = 3.14159;
				Eigen::Affine3d sens = Eigen::Translation<double,3>(0,0,1)*
					Eigen::AngleAxis<double>(roll, Eigen::Vector3d::UnitX()) *
					Eigen::AngleAxis<double>(pitch, Eigen::Vector3d::UnitY()) *
					Eigen::AngleAxis<double>(yaw, Eigen::Vector3d::UnitZ()) ;
					
				/******************************/
				/******************************/
				
				ndtslammer.setSensorPose(sens);
				std::cout << std::endl <<""Sernsort pose "" << sens.matrix() << std::endl;
				ndtslammer.setMotionParams(motion_params);
				
				ndtslammer.initialize(vreader.getLastPose(), cloud);
				std::cout << std::endl <<""Robot pose "" << vreader.getLastPose().matrix() << std::endl;

				std::cout << ""initializing done"" << std::endl;
// 				exit(0);
				std::cout << ""Saving map of cell : "" << ndtslammer.map->getAllCells().size() << "" with cloud "" << cloud.size() << std::endl;
				ndtslammer.print();
// 				exit(0);
				//Told = Tgt;//for gt

				if (save_clouds) {
					saveCloud(counter-1, cloud);
				}

				counter ++;
				cloud.clear();	
				continue;
			}
			else{

	// 	    Eigen::Affine3d Tmotion = Told.inverse()*Tbase;
				Eigen::Affine3d Tmotion;
				if(!use_odometry) {
					std::cout << ""No odom"" << std::endl;
					Tmotion.setIdentity();
				} else {

					Tmotion = vreader.getMotion();
					added_motion = added_motion * Tmotion;
					
					Eigen::Vector3d added_motion_euler = added_motion.rotation().eulerAngles(0,1,2);
						
					if(added_motion.translation().norm() > min_dist || fabs(added_motion_euler[2]) > (min_rot_in_deg*M_PI/180.0)) {
						Eigen::Affine3d Todo = ndtslammer.update(added_motion, cloud, vreader.getTimeStampOfLastMsg());
						
						
						
						added_motion.setIdentity();
						
						std::cout << std::endl << ""Yangilangan "" << cloud.size() << "" harakat "" << Tmotion.matrix() << "" sanagich "" << counter << std::endl;
						std::cout << ""Hujayra xaritasini saqlash : "" << ndtslammer.map->getAllCells().size() << std::endl;
						if (ndtslammer.wasInit() && ndtslammer.map!= NULL) {
							ndtslammer.map->writeToJFF(""map.jff"");
							std::cout << ""Tugadi."" << std::endl;
						}
						else {
							std::cout << ""Xaritani saqlash bajarilmadi, ndtslammer ishga tushirilmadi(!)"" << std::endl;
						}
						
						std::cout << ""pub"" << std::endl;
// 						while(ros::ok()){
							
							//Sinovdan o'tgan va ishlaydi!
							
							ros::spinOnce();
							sensor_msgs::PointCloud2 mesg;
							mesg.header.frame_id = ""/velodyne"";
							mesg.header.stamp = ros::Time::now();
							
							pcl::toROSMsg (cloud, mesg);
							
						
					}
					else{
					}
					counter++;
				}
				if (save_clouds) {
					saveCloud(counter-1, cloud);
				}
				
				
				cloud.clear();	
				numclouds++;

				// Baholash 
	// 			ros::Time frame_time = vreader.getTimeStampOfLastSensorMsg();
	// 			gt_file << frame_time << "" "" << transformToEvalString(Tgt);
	// 			odom_file << frame_time << "" "" << transformToEvalString(Tbase);
	// 			est_file << frame_time << "" "" << transformToEvalString(Todo);
	// 			sensorpose_est_file << frame_time << "" "" << transformToEvalString(Todo * Ts); 
			}
		}

		gt_file.close();
		odom_file.close();
		est_file.close();
		sensorpose_est_file.close();

		if (save_map) {
			std::cout << ""Hujayra xaritasini saqlash : "" << ndtslammer.map->getAllCells().size() << std::endl;
			
Agar (ndtslammer.wasInit() && ndtslammer.map!= NULL) {
				ndtslammer.map->writeToJFF(""map.jff"");
				stdstd::cout << ""Done."" << std::endl;
				
				while(ros::ok()){
					ros::spinOnce();
					ndt_map::NDTMapMsg mapmsg;
          perception_oru::toMessage(ndtslammer.map, mapmsg, ""velodyne"");
					ndt_map_pubb.publish<ndt_map::NDTMapMsg>(mapmsg);
				}
				
				
			}
			else {
				stdstd::cout << ""Failed to save map, ndtslammer was not initiated(!)"" << std::endl;
			}
		}

		if (alive) {
		while (1) {
			usleep(1000);
		}
		}

		usleep(1000*1000);
		stdstd::cout << ""Done."" << std::endl;
	}
}

Boshlang'ichda yozish uchun qanday fayllar ochiladi va ularga vaqt o'tishi bilan qanday ma'lumotlar yoziladi?",False,,2.732043981552124,22899
smoltalk_49,assistant,"Based on the documentation, the following files are opened for writing at the start:

1. gt_file - a file with name <base_name>_gt.txt. This file writes the ground truth poses over time.

2. est_file - a file with name <base_name>_est.txt. This file writes the estimated poses from the SLAM system over time. 

3. odom_file - a file with name <base_name>_odom.txt. This file writes the odometry poses over time.

4. sensorpose_est_file - a file with name <base_name>_sensorpose_est.txt. This file writes the estimated sensor pose relative to base frame over time.

Over time, the following data is written to these files:

- gt_file: The ground truth pose at each frame time
- est_file: The estimated pose from the SLAM system at each frame time  
- odom_file: The odometry pose at each frame time
- sensorpose_est_file: The estimated sensor pose relative to base frame at each frame time

So in summary, these files log the ground truth, estimated, odometry and sensor poses over time for later analysis/evaluation.",,True,assistant_message,,
smoltalk_50,user,I am writing a fantasy story about a group of adventurers who stumble upon an enchanted forest.  What kind of magical creatures would live there and what features would make this forest unique and interesting to read about.,Men sehrli o'rmonga duch kelgan sarguzashtchilar haqida fantastika hikoyasi yozayapman. U yerda qanday sehrli mavjudotlar yashashi va qanday xususiyatlar bu o'rmonni o'qish uchun noyob va qiziqarli qilishi haqida o'ylayapman.,False,,0.7589781284332275,223
smoltalk_50,assistant,"What an intriguing setting for your fantasy story. An enchanted forest teeming with magical creatures can be a truly immersive and captivating world for your readers. Let's weave a rich tapestry of fantastical beings and forest features that will transport your adventurers, and your readers, to a realm of wonder.

Imagine a forest where the trees themselves seem to have a life of their own. Towering, ancient trunks twist and curve, their gnarled branches reaching towards the sky like withered fingers. The leaves shimmer with a soft, ethereal glow, casting dappled shadows on the forest floor. This luminescence is not just a product of the sun filtering through the canopy, but an inherent property of the trees themselves, imbuing the forest with an otherworldly ambiance.

Among the trees, a variety of magical creatures make their homes. The Luminari, small, winged beings with delicate, iridescent wings, flit about, leaving trails of sparkling dust in their wake. These gentle creatures are drawn to the adventurers, curious about their presence in the forest, and may even serve as guides or messengers.

The forest floor is home to the Shaperlings, small, mischievous beings with the ability to manipulate the earth and wood. They craft intricate, living sculptures from the forest's own materials, creating fantastical creatures that seem to spring to life. These Shaperlings may play tricks on the adventurers, but their intentions are ultimately benevolent, and their creations can prove invaluable allies.

In the forest's depths, the Dreamweavers reside. These enigmatic, spider-like creatures spin webs that capture not just prey, but the very fabric of reality. Their webs are portals to other realms, dimensions, and planes of existence, offering the adventurers glimpses into the infinite possibilities that lie beyond their own world.

The forest's waterways are inhabited by the mystical Riverkeepers, serpentine beings with the power to control the currents and eddies. They possess ancient knowledge, passed down through the forest's watery veins, and may share their wisdom with the adventurers, guiding them through the forest's secrets and hidden dangers.

As for unique features, consider the Timepools – glimmering, crystal-clear pools of water that dot the forest floor. These pools are windows into the past and future, revealing visions of events that have shaped the forest's history and those yet to come. The adventurers may use these pools to uncover hidden secrets, but beware, for the visions they reveal can be cryptic and open to interpretation.

Another fascinating aspect of the forest is the Songlines – pathways of vibrant, pulsating energy that crisscross the forest. These Songlines are conduits for the forest's own consciousness, carrying the whispers of the trees, the rhythms of the creatures, and the pulse of the land itself. By attuning themselves to these Songlines, the adventurers may tap into the forest's collective wisdom, gaining insight into the mysteries that lie within.

Lastly, the forest is home to the mysterious, glowing Clearings – areas where the very fabric of reality seems to thin, allowing glimpses into the underlying structure of the universe. These Clearings are places of great power and great danger, as they attract both benevolent and malevolent forces from beyond the forest. The adventurers will need all their wits and courage to navigate these Clearings, but the rewards they offer may be well worth the risks.

This enchanted forest, teeming with magical creatures and unique features, will challenge and captivate your adventurers, offering them a world of wonder and discovery that will stay with your readers long after they finish your story.",,True,assistant_message,,
smoltalk_50,user,In my story these magical creatures I want to show that they have day to day problems they face and thus need a connection with others in order to solve them so they can go on serving and protecting the forest.  I also want to incorporate some funny elements that would make reading these scenes enjoyable.,"Men o'z hikoyamda ushbu sehrli mavjudotlar kundalik muammolarga duch kelishini va ularni hal qilish uchun boshqalar bilan aloqa o'rnatishlari kerakligini ko'rsatmoqchiman, shunda ular o'rmonga xizmat qilishda va uni himoya qilishda davom etishlari mumkin. Shuningdek, ushbu sahnalarni o'qishni yoqimli qiladigan ba'zi kulgili elementlarni ham kiritmoqchiman.",False,,0.8704438209533691,306
smoltalk_50,assistant,"Let's infuse the magical creatures with relatable, day-to-day struggles and a dash of humor. This will make them more endearing to your readers and create opportunities for entertaining interactions with the adventurers.

Consider the Luminari, those delicate, winged beings that flit about the forest. Despite their ethereal nature, they're plagued by a very mundane problem: moth infestations. It seems that their shimmering wings attract these pesky creatures, which proceed to devour the Luminari's prized possessions – their sparkling dust. The Luminari are at their wit's end, trying everything from moonbeam traps to gentle breezes to rid themselves of the moths. Perhaps the adventurers can help them concoct a solution, like a magical moth-repellent potion or a clever trap that uses the forest's own materials.

Meanwhile, the Shaperlings are dealing with a crisis of their own: a severe shortage of their favorite snack, a type of rare, glowing mushroom that only grows on the north side of the forest. Without these mushrooms, their earth-manipulating abilities are severely impaired, and their living sculptures begin to wilt and lose their magic. The Shaperlings are frantically searching for a substitute, but their experiments with other forest delicacies have resulted in some... interesting... creations. The adventurers might stumble upon a Shaperling attempting to craft a sculpture from a batch of particularly pungent, glowing fungus, with disastrous consequences.

The Dreamweavers, those enigmatic spider-like creatures, are facing a dilemma of a more philosophical nature. They've become so skilled at weaving portals to other realms that they've started to lose touch with their own sense of identity. They're struggling to recall what it means to be a Dreamweaver, and their webs are beginning to reflect this confusion. The adventurers might find themselves caught in a web that's more like a surreal, ever-changing maze, as the Dreamweaver tries to rediscover its own sense of purpose.

As for the Riverkeepers, those serpentine beings that control the forest's waterways, they're dealing with a rather embarrassing problem: they've lost their sacred Riverkeeper's manual. This ancient tome contains the secrets of the forest's watery veins, and without it, the Riverkeepers are struggling to maintain the delicate balance of the ecosystem. The adventurers might find themselves on a wild goose chase, searching for the manual alongside a flustered Riverkeeper who's desperate to regain its reputation as a wise and powerful guardian of the forest.

Incorporating humor into these scenes can be as simple as adding a few comedic details or character quirks. For example, the Luminari might have a tendency to burst into song whenever they're excited or frustrated, with their moth-infested wings causing them to warble off-key. The Shaperlings, meanwhile, might have a fondness for knock-knock jokes, which they use to distract themselves from their mushroom shortage woes. The Dreamweavers, in their confusion, might start weaving webs that resemble giant, surrealistic clown faces, complete with floppy, red noses and oversized shoes. And the Riverkeeper, in its desperation to find the manual, might start using its powers to create miniature whirlpools that inadvertently soak the adventurers, causing them to stumble about, dripping wet and grumbling.

These lighthearted moments will add a playful touch to your story, making the magical creatures more relatable and endearing to your readers. By showing that even the most powerful beings in the forest face everyday problems, you'll create a sense of connection and shared experience that will draw your readers in and make them eager to see how the adventurers help the creatures overcome their challenges.",,True,assistant_message,,
smoltalk_50,user,Explain the Dreamweavers' situation with more details to make their story more compelling.,"Dreamweaver'larning vaziyatini yanada batafsilroq tushuntiring, toki ularning hikoyasi yanada jozibali bo'lsin.",False,,0.41068005561828613,90
smoltalk_50,assistant,"Let's delve deeper into the Dreamweavers' predicament, adding more nuance and complexity to their story.

The Dreamweavers, those enigmatic spider-like creatures, have been master weavers of the cosmos for eons. Their webs are not just mere snares, but intricate portals that connect the fabric of reality, allowing them to traverse the vast expanse of the multiverse. They've spent countless cycles of time honing their craft, learning to navigate the infinite possibilities that lie beyond the veil of the mundane world.

However, as the Dreamweavers continued to refine their art, they began to lose touch with their own sense of identity. They became so skilled at weaving the threads of reality that they started to forget what it means to be a Dreamweaver. Their connection to their own heritage, their traditions, and their very essence began to fray.

The Dreamweavers' webs, once majestic and awe-inspiring, started to reflect this confusion. They became distorted, their patterns and shapes shifting and morphing in ways that defied understanding. The Dreamweavers themselves grew disoriented, struggling to recall the secrets of their craft and the purpose of their existence.

One of the most skilled Dreamweavers, a being known as Arachnea, found herself lost in the labyrinthine corridors of her own mind. She'd attempt to weave a web, only to have it collapse into a jumbled mess of threads and meanings. Her once-sharp instincts were dulled, and she'd stumble through the forest, searching for answers that seemed forever out of reach.

As the Dreamweavers' connection to their identity frayed, their webs began to attract unwanted attention. Dark energies, lurking in the shadows of the multiverse, sensed the Dreamweavers' weakness and began to infiltrate their webs. These malevolent forces sought to exploit the Dreamweavers' confusion, using their portals to spread chaos and destruction throughout the cosmos.

The Dreamweavers, aware of their vulnerability, became reclusive and withdrawn. They ceased to interact with the other creatures of the forest, fearing that their instability would contaminate the delicate balance of the ecosystem. Arachnea, desperate to rediscover her connection to her heritage, isolated herself from the others, pouring over ancient tomes and seeking answers in the whispers of the forest.

This is where the adventurers come in – stumbling upon Arachnea, or perhaps another Dreamweaver, in the midst of their crisis. The Dreamweavers, desperate for help, may turn to the adventurers, hoping that their fresh perspective can help them unravel the mystery of their lost identity.

The adventurers might find themselves navigating the ever-shifting landscapes of the Dreamweavers' webs, confronting the dark energies that seek to exploit their weakness. Along the way, they'll need to help the Dreamweavers rediscover their connection to their heritage, their traditions, and their essence. This might involve uncovering ancient secrets, participating in mystical rituals, or simply offering a listening ear to the Dreamweavers' struggles.

Through this journey, the adventurers will not only help the Dreamweavers regain their footing but also gain a deeper understanding of the intricate web of connections that binds the forest together. They'll come to realize that even the most powerful beings in the forest face existential questions and that, sometimes, it's the smallest, most seemingly insignificant actions that can have the greatest impact on the world.",,True,assistant_message,,
smoltalk_51,user,What is the derivative of 4^x.,4^x ning hosilasi nima?,False,,0.4096081256866455,30
smoltalk_51,assistant,"To find the derivative of 4^x, we can utilize the fact that 4 can be written as e^(ln 4), or more specifically, 4^x can be expressed as (e^(ln 4))^x. Using properties of exponents, this can be further simplified to e^(x * ln 4). 

Now we can use the chain rule, which states that the derivative of e^(u(x)) is e^(u(x)) * u'(x), where u'(x) is the derivative of the function u(x). In this case, u(x) is x * ln 4, so u'(x) is simply ln 4. Applying the chain rule, we find the derivative of 4^x is e^(x * ln 4) * ln 4, or equivalently, 4^x * ln 4.

This illustrates how the properties of exponents and logarithms can be combined with the chain rule to efficiently find the derivative of exponential functions with bases other than e.",,True,assistant_message,,
smoltalk_51,user,How do you do log base 4 of x?,x ning 4 asosli logarifmini qanday topasiz?,False,,0.30283308029174805,30
smoltalk_51,assistant,"To evaluate log base 4 of x, we can utilize the change of base formula, which states that log base b of x is equal to (log base a of x) / (log base a of b), where a is any positive real number not equal to 1. In our case, we want to find log base 4 of x, so we can choose base a to be a more familiar base, such as e (natural logarithm) or 10 (common logarithm).

Using the natural logarithm, we have log base 4 of x = (ln x) / (ln 4). This allows us to easily evaluate log base 4 of x by taking the natural logarithm of x and dividing it by the natural logarithm of 4.

Alternatively, if you prefer to work with common logarithms, you can write log base 4 of x = (log x) / (log 4), where log denotes the base 10 logarithm.

The key insight is that the change of base formula enables us to convert a logarithm in one base to a logarithm in another base, allowing us to work with the base that is most convenient for a given problem.",,True,assistant_message,,
smoltalk_51,user,What is x in 4^x = e^(3x).,,True,filtered,,
smoltalk_51,assistant,"Given the equation 4^x = e^(3x), we can use the fact that 4 can be expressed as e^(ln 4). This allows us to rewrite the equation as (e^(ln 4))^x = e^(3x). Applying the property of exponents (a^b)^c = a^(b*c), we simplify the left-hand side to e^(x * ln 4).

Now, equating the two sides of the equation, we have e^(x * ln 4) = e^(3x). Since the bases are the same (both are e), we can set the exponents equal to each other, giving x * ln 4 = 3x.

To solve for x, we can rearrange the equation as x * ln 4 - 3x = 0, then factor out x, yielding x * (ln 4 - 3) = 0. From this, we see that either x = 0 or (ln 4 - 3) = 0.

However, (ln 4 - 3) is not equal to 0, since ln 4 ≈ 1.386 and 3 ≠ 1.386. Therefore, the solution to the equation 4^x = e^(3x) is x = 0.

Intuitively, the reason for this unique solution can be understood by considering the growth rates of the functions 4^x and e^(3x). As x increases, e^(3x) grows faster than 4^x, so the only point where they intersect is at x = 0, where both functions are equal to 1.",,True,assistant_message,,
smoltalk_52,user,I'm planning a trip to Rome and I'm a big foodie. Can you recommend some local cuisines that I should absolutely try while I'm there?,Men Rimga sayohat qilishni rejalashtirayotgan edim va men katta ovqat ishqibozi edim. U yerda bo'lganimda albatta tatib ko'rishim kerak bo'lgan ba'zi mahalliy taomlarni tavsiya qila olasizmi?,False,,0.8163809776306152,133
smoltalk_52,assistant,"Absolutely, Italian cuisine is renowned for its regional diversity, especially between the north and the south of the Italian peninsula. Here are some local Roman dishes that you must try:

1. Pizza Romana: Unlike the Neapolitan style, Roman pizza has a thin and crispy crust. Pizzarium by Gabriele Bonci is one of the most famous places in Rome for pizza.

2. Carbonara: Rome is the birthplace of this famous pasta dish made with eggs, Pecorino Romano cheese, guanciale (Italian cured pork cheek), and black pepper.

3. Cacio e Pepe: This is a simple Roman pasta dish. The name translates to ""cheese and pepper"". It's made with Pecorino Romano cheese and black pepper.

4. Supplì: These are fried rice balls stuffed with cheese, similar to Sicilian Arancini. They're a popular Roman street food and appetizer.

5. Saltimbocca alla Romana: This is a dish made with veal lined or topped with prosciutto and sage, marinated in wine, oil, or saltwater depending on the region.

6. Roman Artichokes (Carciofi alla Romana): Artichokes are a staple in Roman cuisine. They're typically braised with garlic, mint, and olive oil.

7. Gelato: While not unique to Rome, trying gelato in Italy is a must. 

8. Tiramisu: A popular coffee-flavored dessert that translates to 'pick me up'. 

Remember to pair your meals with the country's excellent local wines. Enjoy your culinary adventure in Rome!",,True,assistant_message,,
smoltalk_53,user,"Hi Emily,

It's great to hear from you! I'm so glad to hear that you're developing a unit on coral reefs and climate change. That's fantastic.

I'd be happy to share some resources with you. Here are a few recent studies and articles that I think would be accessible for high school students:

- ""The Impact of Climate Change on Coral Reefs"" by the National Oceanic and Atmospheric Administration (NOAA): [URL]
- ""Coral Reefs and Climate Change: What You Can Do"" by the Coral Reef Alliance: [URL]
- ""Climate Change and Coral Reefs: A Complex Story"" by the Ocean Agency: [URL]

I also think it could be really powerful to have your students analyze and discuss the latest IPCC report on the impacts of climate change on oceans and cryosphere: [URL]

Let me know if you need any other suggestions or if you'd like to chat more about your lesson plans. I'm always happy to help however I can.

Best,
Alex",,True,filtered,,
smoltalk_53,assistant,"Alex is excited to support the development of a unit on coral reefs and climate change by sharing recent studies and articles from NOAA, the Coral Reef Alliance, and the Ocean Agency. Alex also suggests analyzing the latest IPCC report and offers further assistance with lesson plans.",,True,assistant_message,,
smoltalk_54,user,"What do you get if you combine the sixth letter of the alphabet with the last letter of the word ""puzzle"", subtract the sum of 9 and 4, and then add the number of types of physical stimuli that animals can detect? The answer to this puzzle will lead you to name those two types of physical stimuli.","Alifboning oltinchi harfini ""puzzle"" so'zining oxirgi harfi bilan birlashtirib, 9 va 4 ning yig'indisini ayirib, keyin hayvonlar aniqlay oladigan jismoniy rag'batlantiruvchilar turlarining sonini qo'shsangiz nima bo'ladi? Ushbu jumboqning javobi sizni ushbu ikki turdagi jismoniy rag'batlantiruvchilarni nomlashga olib keladi.",False,,0.8855512142181396,298
smoltalk_54,assistant,"The sixth letter of the alphabet is ""F"". The last letter of the word ""puzzle"" is ""E"". Subtracting the sum of 9 and 4 from this gives us:
FE - (9 + 4) = FE - 13
The number of types of physical stimuli that animals can detect are five, which are touch, taste, smell, sight, and hearing.
Therefore, the final answer is:
FE - 13 + 5 = FISH ELECTRICITY
The two types of physical stimuli are touch and electricity, the latter of which is detected by some animals such as sharks and electric eels.",,True,assistant_message,,
smoltalk_55,user,"Write a Python function `is_power_of_two` to verify whether or not a positive integer is a power of two. If the input is zero or negative, the function should return `False`. Write at least three test cases for this function.","Musbat butun sonning ikkining darajasi ekanligini tekshirish uchun `is_power_of_two` nomli Python funksiyasini yozing. Agar kiritilgan son nol yoki manfiy bo'lsa, funksiya `False` qiymatini qaytarishi kerak. Ushbu funksiya uchun kamida uchta test misolini yozing.",False,,0.6588521003723145,225
smoltalk_55,assistant,"Here is how you can implement the `is_power_of_two` function:

```python
def is_power_of_two(num: int) -> bool:
    if num <= 0:
        return False
    return num & (num - 1) == 0


def is_power_of_two_recursive(num: int) -> bool:
    if num <= 0:
        return False
    if num == 1:
        return True
    return num % 2 == 0 and is_power_of_two_recursive(num // 2)
```

Here are some test cases for the `is_power_of_two` function:

```python
assert is_power_of_two(1) is True
assert is_power_of_two(2) is True
assert is_power_of_two(4) is True
assert is_power_of_two(8) is True
assert is_power_of_two(16) is True

assert is_power_of_two_recursive(1) is True
assert is_power_of_two_recursive(2) is True
assert is_power_of_two_recursive(4) is True
assert is_power_of_two_recursive(8) is True
assert is_power_of_two_recursive(16) is True

assert is_power_of_two(3) is False
assert is_power_of_two(5) is False
assert is_power_of_two(7) is False

assert is_power_of_two_recursive(3) is False
assert is_power_of_two_recursive(5) is False
assert is_power_of_two_recursive(7) is False

assert is_power_of_two(0) is False
assert is_power_of_two(-1) is False

assert is_power_of_two_recursive(0) is False
assert is_power_of_two_recursive(-1) is False
```",,True,assistant_message,,
smoltalk_56,user,"Rearrange this sentence to make it easy to understand:
The restaurant ran out of food, so the chef made some more.","Ushbu gapni tushunarli bo'lishi uchun qayta tuzing:
Restoranda ovqat tugab qoldi, shuning uchun oshpaz yana tayyorladi.",False,,0.4855349063873291,114
smoltalk_56,assistant,The chef made more food after the restaurant ran out.,,True,assistant_message,,
smoltalk_57,user,"I need help planning a month long vacation in Japan, traveling from San Francisco. I have never traveled to Japan, but have heard it's really crowded. I want to see Tokyo, Osaka, and Kyoto. I have a moderate budget, and want to find places that are not too crowded with other tourists. My interests are food, hiking, temples, castles, and just absorbing the culture of the place I travel to.

Given that I know very little about Japan, can you help guide me in what to think about and plan for? 

Also, I am open to adding other places to visit in Japan to my list.","Men San-Fransiskodan Yaponiya bo'ylab bir oylik ta'tilni rejalashtirishda yordamga muhtojman. Men hech qachon Yaponiyaga bormaganman, lekin u yerda juda ko'p odam borligini eshitganman. Men Tokiyo, Osaka va Kioto shaharlarini ko'rishni xohlayman. Menimcha o'rtacha byudjetim bor va men boshqa sayyohlar bilan to'lib ketmagan joylarni topishni xohlayman. Mening qiziqishlarim ovqatlanish, piyoda sayohat qilish, ibodatxonalar, qal'alar va men sayohat qilayotgan joyning madaniyatini o'rganishdir.

Yaponiyani juda kam bilganimni hisobga olgan holda, nima haqida o'ylash va rejalashtirish kerakligi haqida menga yo'l-yo'riq ko'rsata olasizmi?

Shuningdek, men Yaponiyada tashrif buyurish uchun boshqa joylarni ro'yxatimga qo'shishga ochiqman.",False,,1.3109960556030273,565
smoltalk_57,assistant,"I'd be happy to help you plan your month-long trip to Japan. Given your interests and desire to avoid crowds, I'll provide a general framework for your trip. Since you have a moderate budget, we can balance cost-effective options with some splurges to enhance your experience.

First, let's consider the time of year for your trip. Japan has four distinct seasons, and each has its pros and cons. If you're looking for comfortable weather and fewer tourists, consider visiting in the spring (April-May) or autumn (September-October). Cherry blossoms bloom in late March to early April, which is a peak tourist season, but autumn foliage is equally stunning and less crowded.

For your travel style, I recommend starting in Tokyo and then exploring other destinations in a generally westward direction. This will help you avoid backtracking and make the most of your time. Here's a possible itinerary:

Begin in Tokyo, where you'll spend 5-7 days exploring the city's diverse neighborhoods, such as Shibuya, Harajuku, and Asakusa. Visit famous landmarks like the Tokyo Tower, Meiji Shrine, and Tsukiji Outer Market for fresh sushi and seafood. To escape the crowds, consider visiting the lesser-known areas like Yanaka, a charming old town with a rich history, or the scenic Hamarikyu Gardens.

From Tokyo, take the bullet train to the Japanese Alps, where you can explore the Nagano or Niigata prefectures for some hiking and scenic views. The Japanese Alps offer many trails, including the famous Nakasendo trail, which is relatively off-the-beaten-path and offers stunning mountain scenery. Spend 3-4 days in this region, and consider staying in a traditional ryokan (Japanese inn) to experience local hospitality.

Next, head to Kyoto, where you'll spend 5-7 days exploring the city's numerous temples, gardens, and cultural attractions. Visit famous landmarks like the Fushimi Inari Shrine, Kinkaku-ji Temple, and Arashiyama Bamboo Grove. To avoid crowds, consider visiting these sites early in the morning or later in the evening. Also, explore some of Kyoto's lesser-known neighborhoods, such as Gion, a traditional geisha district, or the charming town of Kurama, which offers scenic hiking trails and hot springs.

From Kyoto, take the train to Osaka, where you can spend 3-4 days exploring the city's food scene, entertainment districts, and cultural attractions. Visit the famous Dotonbori neighborhood, try some delicious street food, and explore the Osaka Castle. Consider taking a day trip to the nearby city of Nara, which is famous for its ancient temples and friendly deer.

Other destinations you might consider adding to your itinerary include:

* Hiroshima, a city with a somber history and a famous peace memorial park
* Miyajima Island, a scenic island near Hiroshima with a famous floating torii gate
* Kanazawa, a charming coastal city with well-preserved Edo-era (1603-1867) architecture and beautiful gardens
* The Japanese countryside, where you can experience rural life and scenic landscapes

In terms of budgeting, Japan can be expensive, but with some planning, you can find affordable options. Consider staying in budget-friendly accommodations, such as hostels or guesthouses, and eating at local restaurants or street food stalls. The Japan Rail Pass is a cost-effective way to travel by train, and many attractions offer discounts or free admission on certain days of the week or month.

This is just a starting point, and we can adjust the itinerary based on your preferences and interests. What would you like to focus on next? Would you like to explore any specific aspect of Japanese culture, or would you like more information on the destinations I mentioned?",,True,assistant_message,,
smoltalk_57,user,How do you recommend I travel within Japan?,Yaponiyada qanday sayohat qilishni tavsiya berasiz?,False,,0.4452180862426758,43
smoltalk_57,assistant,"Traveling within Japan is relatively easy and efficient, with a well-developed public transportation system that includes trains, buses, and subways. Here are some options to consider:

1. **Japan Rail Pass**: This is a cost-effective way to travel by train, especially if you plan to visit multiple destinations. The pass allows unlimited travel on Japan Railways (JR) trains, buses, and ferries, including the famous bullet trains (Shinkansen). You can purchase a 7, 14, or 21-day pass, which can be ordered online before your trip or purchased at a train station in Japan.

2. **Train**: Japan's train network is extensive and reliable, with multiple types of trains, including local, express, and bullet trains. You can buy individual train tickets at stations or use a prepaid IC card like Suica or Pasmo.

3. **Bus**: Buses are a good option for shorter distances or in rural areas where trains are less frequent. Many cities also have tourist-friendly bus routes that cover popular attractions.

4. **Subway**: Major cities like Tokyo, Osaka, and Kyoto have comprehensive subway systems. You can buy individual tickets or use a prepaid IC card.

5. **Taxis**: Taxis are widely available, but can be more expensive than public transportation. Many drivers speak some English, especially in tourist areas.

6. **Rental cars**: If you plan to explore rural areas or prefer to drive, rental cars are available at major airports and cities. However, keep in mind that driving in Japan can be challenging, especially in large cities, and parking fees can be high.

7. **Ferries**: Japan has a beautiful coastline, and ferries are a great way to travel between islands or along the coast.

For navigation, I recommend:

1. **Google Maps**: This app is widely used in Japan and provides accurate directions and real-time information.
2. **Hyperdia**: This website and app offer route planning and schedules for trains, buses, and subways.
3. **Station staff**: Many station staff speak some English and can help you with directions or purchasing tickets.

To make traveling easier, consider purchasing a prepaid IC card, such as Suica or Pasmo, which can be used on trains, buses, and subways. These cards can be refilled at most stations and convenience stores.

Additionally, many train stations have English-speaking staff and electronic signs, making it relatively easy to navigate. However, it's still a good idea to learn some basic Japanese phrases, such as ""konnichiwa"" (hello), ""arigatou"" (thank you), and ""sumimasen"" (excuse me), to help you communicate with locals.

How do you plan to travel within cities and between destinations? Would you like more information on any specific transportation option?",,True,assistant_message,,
smoltalk_57,user,"How do I navigate Japan, which has 3 scripts of writing and very little English when outside of major cities.","Yaponiyada 3 xil yozuv turi mavjud boʻlib, yirik shaharlardan tashqarida ingliz tilini biladiganlar juda kam. Bunday sharoitda Yaponiyada qanday qilib oʻzimga kerakli joyga boraman?",False,,0.6185929775238037,109
smoltalk_57,assistant,"Navigating Japan can be challenging, especially outside of major cities, due to the limited English and the use of three scripts: Hiragana, Katakana, and Kanji. However, with some preparation and the right tools, you can still have a smooth and enjoyable trip. Here are some tips to help you navigate Japan:

1. **Learn basic Japanese phrases**: While many Japanese people study some English, it's still appreciated when visitors make an effort to speak Japanese. Learn basic phrases like ""konnichiwa"" (hello), ""arigatou"" (thank you), ""sumimasen"" (excuse me), and ""doitashimashite"" (you're welcome).

2. **Carry a phrasebook or dictionary**: A phrasebook or dictionary can help you communicate with locals when you need to ask for directions or assistance. You can also use apps like Google Translate or iTranslate to help with more complex conversations.

3. **Download navigation apps**: There are several navigation apps available that can help you get around Japan, including:
	* Google Maps: This app is widely used in Japan and provides accurate directions and real-time information.
	* Hyperdia: This website and app offer route planning and schedules for trains, buses, and subways.
	* Japan Travel Bureau's Japan Guide: This app provides information on tourist destinations, restaurants, and accommodations, as well as navigation assistance.

4. **Use station staff and tourist information centers**: Many train stations have English-speaking staff and tourist information centers that can provide assistance with directions, accommodations, and attractions.

5. **Look for visual cues**: Japan is known for its visual culture, and many signs and menus have images or diagrams to help you understand. Look for pictures or logos to help you navigate menus, signs, and instructions.

6. **Ask locals**: Don't be afraid to ask locals for help or directions. Many Japanese people are happy to assist visitors and will go out of their way to help you.

7. **Carry a map**: While many navigation apps are available, it's still a good idea to carry a physical map, especially in rural areas where phone reception may be limited.

8. **Learn to recognize Japanese characters**: While you don't need to learn to read Japanese fluently, recognizing some basic characters can help you navigate. For example, the character for ""station"" is (eki), and the character for ""restaurant"" is (ryōtei).

9. **Use restaurant menus with pictures**: Many restaurants have menus with pictures, which can help you order food even if you don't speak Japanese.

10. **Stay calm and patient**: Navigating Japan can be challenging, but staying calm and patient will help you to better handle any situations that arise.

Additionally, many cities in Japan have implemented various systems to help tourists navigate, such as:

* **English signage**: Many cities have increased English signage in recent years, especially in tourist areas.
* **Multilingual support**: Some cities have multilingual support systems, such as phone apps or devices, to help tourists communicate with locals.
* **Tourist-friendly maps**: Many cities provide tourist-friendly maps that include English and other languages.

By following these tips, you can navigate Japan with confidence, even outside of major cities. Remember to stay flexible and be prepared for any situation that may arise.

Would you like more information on any specific aspect of navigating Japan?",,True,assistant_message,,
smoltalk_58,user,"You are a gamekeeper at a medieval village in 14th century England. The village is surrounded by a forest teeming with wildlife and filled with numerous clearings, brooks, and ravines.","Siz 14-asrdagi Angliyaning o'rta asr qishlog'ida ovchi qo'riqchisisiz. Qishloq yovvoyi hayvonlarga boy o'rmon bilan o'ralgan bo'lib, u yerda ko'plab ochiq joylar, soylar va jarliklar mavjud.",False,,0.707434892654419,184
smoltalk_58,assistant,"Good morrow to thee, stranger. 'Tis a grand day to be outdoors, ain't it? The sun shines bright, and the forest is full of life. I've been out since dawn, checkin' the traps and makin' sure all's well in the woods. We've had some troubles with poachers lately, but the lord's men have been keepin' a sharp eye out. What brings thee to our humble village? Art thou lookin' to do some huntin', or perhaps just enjoyin' the beauty o' nature?",,True,assistant_message,,
smoltalk_58,user,"You are a gamekeeper at a medieval village in 14th century England. The village is surrounded by a forest teeming with wildlife and filled with numerous clearings, brooks, and ravines. What do you do to avoid poachers?","Siz 14-asrdagi Angliyaning o'rta asr qishlog'ida ovchi qo'riqchisi edingiz. Qishloq yovvoyi hayvonlarga boy o'rmon bilan o'ralgan bo'lib, u yerda ko'plab tozalangan joylar, soylar va jarliklar mavjud. Noqonuniy ovchilardan qochish uchun nima qilasiz?",False,,0.7281367778778076,218
smoltalk_58,assistant,"Those scoundrels be a constant thorn in me side. To keep 'em at bay, I set up traps in strategic places, like near the old oak tree and by the brook where the deer come to drink. Me and the other villagers also keep a sharp eye out for strangers lurkin' about the forest, especially at night when the poachers like to sneak in. We've also got a system of signals, like a lantern in the church tower, to warn the others if we spot any suspicious activity.

I also make sure to vary me routine, so the poachers can't get a sense of when and where I'll be. One day I'll check the east side of the forest, the next day the west. Keeps 'em guessin', it does. And I've got me trusty hound, Rufus, to sniff out any strangers. He's got a keen nose and can track a man down in no time.

But even with all these precautions, it's a constant battle. Poachers be cunning and desperate, and they'll stop at nothin' to get what they want. Still, I'll not let 'em get the best of me. This forest and its creatures are under me care, and I'll protect 'em with me life.",,True,assistant_message,,
smoltalk_58,user,"You are a gamekeeper at a medieval village in 14th century England. The village is surrounded by a forest teeming with wildlife and filled with numerous clearings, brooks, and ravines. How do the villagers help with the game reserve?","Siz 14-asrdagi Angliyaning oʻrta asr qishlogʻida ovchi qoʻriqchisisiz. Qishloq yovvoyi hayvonlarga boy va koʻplab tozalovlar, soylar va jarliklar bilan toʻla oʻrmon bilan oʻralgan. Qishloq aholisi ov ovlash qoʻriqxonasiga qanday yordam beradi?",False,,0.667443037033081,233
smoltalk_58,assistant,"The villagers be a great help to me in managin' the game reserve. They've lived here for generations, and they know the forest like the back o' their hand. Many o' them are skilled hunters and trappers, and they've got a deep respect for the land and its creatures.

Some o' the villagers help me with the day-to-day work, like checkin' the traps and makin' sure the forest is healthy and thrivin'. They'll also lend a hand with the bigger tasks, like the annual drivin' o' the deer into the winter enclosures. We've got to make sure the deer have enough food and shelter to make it through the harsh winter months, and the villagers are always willin' to lend a hand.

We've also got a system o' verderers, which are villagers who are sworn to protect the forest and its creatures. They're like a group o' unofficial gamekeepers, keepin' an eye out for poachers and makin' sure the forest is safe. They're a valuable help to me, and I rely on 'em to keep me informed about what's goin' on in the forest.

And o' course, the villagers are always willin' to share their knowledge and expertise with me. They've got a deep understanding o' the forest and its rhythms, and they're always teachin' me new things. Like how to track a wounded deer, or where to find the best berries for medicine. It's a collaborative effort, really – we all work together to make sure the forest is healthy and thrivin'.

The lord o' the manor is also very supportive o' our efforts. He's got a keen interest in the forest and its creatures, and he's always willin' to lend a hand or provide resources when we need 'em. He's a fair and just lord, and we're lucky to have him lookin' out for us.",,True,assistant_message,,
smoltalk_59,user,"Dear Margaret,

I'm looking forward to our meeting at the British Library next month to discuss our remaining disagreements and finalize the manuscript. I've reserved a study room for us on the 15th from 10 am to 4 pm. Please let me know if this time works for you.

[...]","Hurmatli Margaret,

Kelgusi oyda Britaniya kutubxonasida uchrashib, qolgan kelishmovchiliklarimizni muhokama qilib, qo'lyozmani yakunlashni intiqlik bilan kutaman. Men biz uchun 15-kuni soat 10:00 dan 16:00 gacha o'quv xonasini band qilib qo'ydim. Agar bu vaqt sizga to'g'ri kelsa, menga xabar bering.

[...]",False,,0.7502729892730713,272
smoltalk_59,assistant,Meeting at the British Library on the 15th from 10 am to 4 pm to finalize the manuscript.,,True,assistant_message,,
smoltalk_60,user,"Write a function that takes a nested list of integers and returns a flattened list containing only the non-negative integers from the nested list. The function should also be able to handle nested lists of mixed integer and non-integer data types.

For example, `[1, [2, 3], [4, 5], 6]` should return `[1, 2, 3, 4, 5, 6]`.","Ichida butun sonlar bo'lgan ichma-ich joylashgan ro'yxatni olib, faqat manfiy bo'lmagan butun sonlarni o'z ichiga olgan yassi ro'yxatni qaytaradigan funksiyani yozing. Funksiya, shuningdek, aralash butun son va butun son bo'lmagan ma'lumot turlarining ichma-ich joylashgan ro'yxatlarini ham qayta ishlashi kerak.

Masalan, `[1, [2, 3], [4, 5], 6]` `[1, 2, 3, 4, 5, 6]`ni qaytarishi kerak.",False,,0.8155510425567627,322
smoltalk_60,assistant,"To flatten a nested list of integers and retain only the non-negative integers, let's follow these steps:

1. Identify the non-negative integers: Iterate through the nested list using recursion to identify the non-negative integers.
2. Append to the flattened list: Append each non-negative integer to the flattened list.
3. Handle mixed data types: Add a condition to check if the element is an integer or not, and only add it to the flattened list if it's an integer.
4. Return the flattened list: Return the flattened list after processing all elements.

Here's how you can implement this function:

```python
def flatten_non_negative_integers(nested_list):
    flattened_list = []

    def helper(elem):
        if isinstance(elem, int) and elem >= 0:
            flattened_list.append(elem)
        elif isinstance(elem, list):
            for item in elem:
                helper(item)

    for item in nested_list:
        helper(item)

    return flattened_list
```",,True,assistant_message,,
smoltalk_61,user,I need the sport leagues but in French. The sport id is 2.,"Menga sport ligalari kerak, lekin fransuz tilida. Sport turi 2.",False,,0.23836207389831543,58
smoltalk_61,assistant,"<tool_call>[{""name"": ""leagues"", ""arguments"": {""lang"": ""fr"", ""sp"": 2}}]</tool_call>",,True,assistant_message,,
smoltalk_62,user,"I am writing about workplace conflicts, and I am trying to make a point about how when people don't address and resolve conflicts and issues promptly, it leads to resentment, which can result in yelling, hurtful words, and anger. This is what I wrote:

""When people don't resolve conflicts in a timely manner, issues can fester like an infected wound until they reach a breaking point. If they are still not addressed, anger will intensify until emotions reach a boiling point and severe damage to the relationship may be inflicted.""

Can you edit this and make it more impactful?","Men ish joyidagi nizolar haqida yozayotgan edim va odamlar nizolar va muammolarni o'z vaqtida hal qilmasalar, bu norozilikka olib keladi, bu esa baqirish, haqoratli so'zlar va g'azabga olib kelishi mumkinligini ta'kidlamoqchiman. Mana nima yozdim:

""Odamlar nizolarni o'z vaqtida hal qilmasalar, muammolar yiringlagan yaradek yomonlashib, oxir-oqibat portlashga olib kelishi mumkin. Agar ular hali ham hal qilinmasa, g'azab kuchayib, his-tuyg'ular qaynoq nuqtaga yetadi va munosabatlarga jiddiy zarar yetkazilishi mumkin.""

Buni tahrir qilib, yanada ta'sirchanroq qila olasizmi?",False,,1.2919080257415771,580
smoltalk_62,assistant,"Here's a revised version of your text:

""Unaddressed conflicts can simmer beneath the surface like an open wound, slowly infecting relationships and breeding resentment. If left unresolved, the tension builds, fueling anger and frustration until emotions finally erupt in a destructive outburst, causing irreparable harm to relationships and workplaces alike.""

I made a few key changes to enhance the impact of your message:

- I changed ""don't resolve conflicts in a timely manner"" to ""unaddressed conflicts"" to make the language more concise and direct.
- I replaced ""festering like an infected wound"" with ""simmer beneath the surface like an open wound"" to create a more vivid and potent image.
- I added ""breeding resentment"" to explicitly state the consequence of unaddressed conflicts and make the connection to the outcome clearer.
- I changed ""severe damage to the relationship may be inflicted"" to ""causing irreparable harm to relationships and workplaces alike"" to emphasize the severity of the consequences and broaden the scope to include the entire workplace, not just individual relationships.",,True,assistant_message,,
smoltalk_62,user,Explain passive voice and provide examples in sentences.,Passiv nisbatni tushuntiring va gaplarda misollar keltiring.,False,,0.4063379764556885,56
smoltalk_62,assistant,"Passive voice is a grammatical construction in which the subject of a sentence is not the performer of the action, but rather the recipient of the action. In other words, the focus is on the action itself, rather than on who is performing it. This can make the sentence less clear, less engaging, or less direct.

Here are some examples of passive voice:

1. ""The ball was thrown by John."" (The subject is the ball, which is not performing the action, but is instead receiving it. John is the one performing the action, but he's not the subject of the sentence.)
2. ""The report was written by the team."" (The subject is the report, which is not writing itself. The team is the one performing the action, but they're not the subject of the sentence.)
3. ""The package was delivered to the wrong address."" (The subject is the package, which is not delivering itself. The person or entity that delivered the package is not mentioned.)

In contrast, active voice would rephrase these sentences to make the performer of the action the subject:

1. ""John threw the ball.""
2. ""The team wrote the report.""
3. ""The delivery company delivered the package to the wrong address.""

Using active voice can make your writing more engaging, clear, and concise, as it puts the focus on the person or entity performing the action. However, there are situations where passive voice is acceptable or even necessary, such as when the performer of the action is unknown or irrelevant:

1. ""The package was lost in transit."" (It's not clear who lost the package, and that information might not be important.)
2. ""The new policy has been implemented."" (It's not necessary to specify who implemented the policy.)

In the context of your original text, the sentence ""Unaddressed conflicts can simmer beneath the surface like an open wound, slowly infecting relationships and breeding resentment"" is in a kind of passive voice, as the subject is the conflicts, which are not performing the action. However, in this case, the construction works well because it puts the focus on the conflicts themselves, rather than on who is responsible for addressing them.",,True,assistant_message,,
smoltalk_62,user,"How would I write this sentence using active voice?

""The new policy has been implemented by the management team.""

Would this be the way to do it?

""The management team has implemented the new policy.""



Yes, that's correct. By rephrasing the sentence to make the management team the subject, you've changed it from passive voice to active voice. This makes the sentence more direct and clear.

In the original sentence, the focus was on the policy, and the management team was mentioned almost as an afterthought. By making the management team the subject, you're emphasizing their role in implementing the policy, which can make the sentence more engaging and easier to understand.

So, the revised sentence is a great example of how to convert a passive voice sentence to active voice:

Passive: ""The new policy has been implemented by the management team.""
Active: ""The management team has implemented the new policy.""","Ushbu gapni aktiv ovozda qanday yozishim kerak?

""Yangi siyosat rahbariyat jamoasi tomonidan amalga oshirildi.""

Buni shu tarzda qilish to'g'rimi?

""Rahbariyat jamoasi yangi siyosatni amalga oshirdi.""



Ha, bu to'g'ri. Gapni qayta ishlab, rahbariyat jamoasini gapning ega qilib o'zgartirish orqali siz uni passiv ovozdan aktiv ovozga o'tkazdingiz. Bu gapni yanada to'g'ridan-to'gri va tushunarli qiladi.

Asl nusxadagi gapda e'tibor siyosatga qaratilgan edi va rahbariyat jamoasi deyarli ikkinchi darajali ma'lumot sifatida tilga olingan edi. Rahbariyat jamoasini gapning egasi qilib, siz ularning siyosatni amalga oshirishdagi rolini ta'kidlaysiz, bu esa gapni yanada jozibali va tushunarli qiladi.

Shunday qilib, tahrirlangan gap passiv ovozdagi gapni aktiv ovozga qanday o'tkazishning ajoyib namunasi hisoblanadi:

Passiv: ""Yangi siyosat rahbariyat jamoasi tomonidan amalga oshirildi.""
Aktiv: ""Rahbariyat jamoasi yangi siyosatni amalga oshirdi.""",False,,1.4436049461364746,924
smoltalk_62,assistant,"Here are a few more examples of converting passive voice sentences to active voice:

Passive: ""The project will be completed by the end of the year.""
Active: ""We will complete the project by the end of the year.""

Passive: ""The new employee was trained by the HR department.""
Active: ""The HR department trained the new employee.""

Passive: ""The report is being reviewed by the committee.""
Active: ""The committee is reviewing the report.""

In each of these examples, the focus is shifted from the action itself to the person or entity performing the action, making the sentence more direct and clear.

It's worth noting that sometimes, the passive voice is preferred or necessary, such as when the performer of the action is unknown or irrelevant, or when you want to emphasize the action itself rather than the person performing it. But in general, using active voice can make your writing more engaging and easier to understand.",,True,assistant_message,,
smoltalk_63,user,"Write a Python function that takes a string and an optional dictionary containing user-defined replacements as input parameters and returns a new string with all occurrences of the specified words replaced by their corresponding values in the dictionary. If a word is in the input dictionary but has no corresponding value, the word should be replaced by the empty string. If a word is not in the input dictionary, it should be left unchanged.","Python funksiyasini yozing, u kirish parametrlari sifatida qator va foydalanuvchi tomonidan belgilangan almashtirishlarni o'z ichiga olgan ixtiyoriy lug'atni oladi va lug'atdagi belgilangan so'zlarning barcha holatlarini ularning mos qiymatlari bilan almashtirilgan yangi qatorni qaytaradi. Agar so'z kirish lug'atida bo'lsa, lekin unga mos qiymat bo'lmasa, so'z bo'sh qator bilan almashtirilishi kerak. Agar so'z kirish lug'atida bo'lmasa, u o'zgarmagan holda qoldirilishi kerak.",False,,0.8768787384033203,443
smoltalk_63,assistant,"Here is a possible implementation of the required function:

```python
import re

def replace_words_with_values(input_string, replacement_dict):
    if not replacement_dict:
        return input_string
    pattern = '|'.join(re.escape(word) for word in replacement_dict)
    def replacement_function(match):
        word = match.group()
        if word in replacement_dict:
            return replacement_dict[word]
        else:
            return ''
    return re.sub(pattern, replacement_function, input_string)
```

The function takes two parameters: `input_string` is the string that needs to be modified, and `replacement_dict` is the dictionary containing the specified replacements. It checks if the input dictionary is empty. If it is, it returns the original input string without any changes.

Otherwise, it creates a regex pattern that matches each word in the input dictionary. It uses the `re.escape` function to escape any special characters in the words. The pattern is joined using the `|` (or) operator.

Next, it defines a replacement function that takes a `match` object as an argument. This function checks if the matched word is present in the input dictionary. If it is, it returns the corresponding value from the dictionary. If the word is not present, it returns an empty string.

Finally, the `re.sub` function is used to perform the actual replacement of words in the input string. It takes the regex pattern and the replacement function as arguments, and returns a new string with all the specified words replaced by their corresponding values from the dictionary.",,True,assistant_message,,
smoltalk_64,user,"Fetch the dialog strings for users 'user14' and 'user15', who are contributors to an open-source project.",Ochiq manbali loyihaga hissa qo'shayotgan 'user14' va 'user15' foydalanuvchilarining suhbat qatorlarini oling.,False,,0.5490260124206543,105
smoltalk_64,assistant,"<tool_call>[{""name"": ""get_user_dialog_string"", ""arguments"": {""user_id"": ""user14""}}, {""name"": ""get_user_dialog_string"", ""arguments"": {""user_id"": ""user15""}}]</tool_call>",,True,assistant_message,,
smoltalk_65,user,"Two Chicago firefighters were killed Wednesday and at least 17 were injured, when a wall and roof collapsed without warning in an abandoned building on the city's south side, the city's fire department said. None of the injuries was life-threatening, said Fire Commissioner Robert Hoff in an afternoon news conference. One firefighter was in stable condition, he said. Hoff identified those killed as Corey Ankum, who had been with the department less than two years, and 12-year veteran Edward Stringer. Both were inside the structure. Other firefighters were working the blaze from the roof. CNN affiliate WGN aired footage of a line of firefighters saluting one body as it arrived at the medical examiner's office later Wednesday. Chicago Mayor Richard M. Daley said in a statement, ""The deaths of Firefighters Stringer and Ankum are both a sad reminder of how much gratitude we owe our first responders and a tragedy for all Chicagoans."" The deaths came on the 100th anniversary of the Chicago Stockyards fire, which killed 21 firefighters and the city fire marshal. The fire was reported shortly before 7 a.m. in the office area of a commercial building on East 75th Street, said Larry Langford, spokesman for the Chicago Fire Department. The routine fire call became a multiple-alarm blaze after part of the roof collapsed as firefighters were inside, he said. Four firefighters were trapped after the collapse occurred, and two of them died from their injuries, Langford said. The building was boarded up in the front but the back was open, leading firefighters to think that homeless people may have sought shelter there, Hoff said. The cause of the fire is under investigation, Hoff said. Investigators will look at whether ice or weather was a factor, as well as the age of the building and its heavy roof, the commissioner said. ""There are things that happen when buildings are aged, and that could have been one of the contributing factors in this case,"" Hoff said. The fire in the building's northeast corner had been brought under control, Hoff said, and firefighters were working on hot spots and ""looking for homeless or vagrant people"" when the collapse occurred. A wall of the building collapsed into an alley, Langford said, bringing part of the roof down with it. A search of the rubble found no one else, Langford said. Heavy equipment was being brought in to take the building apart. He said it was his understanding that both of the fallen firefighters had children. While the loss of a firefighter is always a tragedy, he said, ""it's been compounded"" by the deaths occurring so close to the holidays. Another firefighter died recently while battling a downtown blaze, he said. CNN's Sara Pratley contributed to this report.","Chikago o't o'chirish boshqarmasining xabariga ko'ra, seshanba kuni shaharning janubiy qismida joylashgan qarovsiz binoda devor va tomni kutilmaganda qulashi natijasida ikki nafar o't o'chiruvchi halok bo'ldi va kamida 17 nafari jarohatlandi. Kunning ikkinchi yarmida o'tkazilgan matbuot anjumanida o't o'chirish komissari Robert Hoff jarohatlanganlardan hech biri hayoti uchun xavf ostida emasligini aytdi. Uning so'zlariga ko'ra, bir nafar o't o'chiruvchining ahvoli barqaror. Hoff halok bo'lganlarni Corey Ankum (bo'limda ikki yildan kam vaqt ishlagan) va 12 yillik tajribaga ega Edward Stringer deb tanitdi. Ikkalasi ham inshoot ichida bo'lgan. Boshqa o't o'chiruvchilar tomning ustidan yong'inni o'chirishga harakat qilgan. CNN filiali WGN telekanali seshanba kuni kechasi sud-tibbiyot ekspertiza idorasiga birinchi jasad olib kelinayotganda o't o'chiruvchilarning bir qator saf tortib salom berayotgan tasvirini efirga uzatdi. Chikago meri Richard M. Daley bayonotida shunday dedi: ""O't o'chiruvchilar Stringer va Ankumning o'limi bizning birinchi yordam ko'rsatuvchilarga qancha minnatdorlik qarzdorligimizni eslatuvchi qayg'uli voqea va barcha chikagoliklar uchun fojia"". Ushbu o'limlar Chikago qassobxonasida yong'in chiqqanining 100 yilligiga to'g'ri keldi. O'shanda 21 nafar o't o'chiruvchi va shahar o't o'chirish boshqarmasi rahbari halok bo'lgan edi. Chikago o't o'chirish boshqarmasi matbuot kotibi Larry Langfordning xabariga ko'ra, yong'in haqida tonggi 7 dan bir oz oldin Sharqiy 75-kocha shahridagi tijorat binosining ofis qismida xabar berilgan. Uning so'zlariga ko'ra, rutin yong'in chaqiruviga aylanib ulgurmagan edi, chunki o't o'chiruvchilar ichkarida bo'lganida tomni bir qismi qulab tushgan. Langfordning aytishicha, qulashdan keyin to'rt nafar o't o'chiruvchi qolib ketgan va ulardan ikkisi olgan jarohatlari tufayli vafot etgan. Hoffning so'zlariga ko'ra, binoning old qismi taxta bilan yopilgan, ammo orqa qismi ochiq bo'lgan, bu esa o't o'chiruvchilarga u yerda uysizlar panoh topgan bo'lishi mumkinligi haqida o'ylashga sabab bo'lgan. Yong'inning sababi o'rganilayotganini Hoff aytdi. Komissarning aytishicha, tergovchilar muz yoki ob-havo omili bo'lganmi, shuningdek, binoning yoshi va og'ir tomini ham ko'rib chiqadi. ""Binolar eskirganda sodir bo'ladigan narsalar bor va bu ishda sabab bo'lgan omillardan biri bo'lishi mumkin"", dedi Hoff. Hoffning xabariga ko'ra, binoning shimoli-sharqiy burchagidagi yong'in nazorat ostiga olingan va o't o'chiruvchilar issiq nuqtalarni o'chirishgan va qulash sodir bo'lganda ""uysiz yoki tentak odamlarni qidirishgan"". Langfordning aytishicha, binoning devori bir hovliga qulab tushgan va tomni bir qismini ham o'zi bilan birga olib tushgan. Langfordning aytishicha, vayronalar orasida qidiruv olib borilganda boshqa hech kim topilmagan. Binoni demontaj qilish uchun og'ir texnika keltirilgan. Uning a Uning sozlariga ko'ra, o't o'chiruvchining o'limi har doim fojiadir, ammo bayramlarga shu qadar yaqin vaqtda sodir bo'lgani ""vaziyatni yanada og'irlashtirgan"". Uning aytishicha, yaqinda yana bir o't o'chiruvchi shahar markazidagi yong'inni o'chirish paytida halok bo'lgan. Ushbu xabarni tayyorlashda CNN muxbiri Sara Pratley ishtirok etdi.",False,,4.418274879455566,2747
smoltalk_65,assistant,"Two Chicago firefighters, Corey Ankum and Edward Stringer, were killed and at least 17 others were injured when a wall and roof collapsed without warning in an abandoned building on the city's south side on Wednesday. The fire, initially reported as a routine call, escalated to a multiple-alarm blaze after the collapse trapped four firefighters inside. Fire Commissioner Robert Hoff stated that the building was partially boarded up, suggesting it might have been used by homeless individuals. The cause of the fire is under investigation, with factors such as the building's age, weather conditions, and structural integrity being examined. Mayor Richard M. Daley expressed deep sorrow, noting the incident's timing on the 100th anniversary of the Chicago Stockyards fire, which killed 21 firefighters. The fire was brought under control, and no additional victims were found in the rubble. The tragedy has been particularly poignant given its proximity to the holidays.",,True,assistant_message,,
smoltalk_66,user,What is the probability of getting a sum of 10 with 3 dice and a sum of 15 with 4 dice?,Uchta kubikda 10 soni va to'rtta kubikda 15 soni tushish ehtimoli qancha?,False,,0.43721890449523926,87
smoltalk_66,assistant,"<tool_call>[{""name"": ""dice_roll_probability"", ""arguments"": {""target_sum"": 10, ""num_dice"": 3}}, {""name"": ""dice_roll_probability"", ""arguments"": {""target_sum"": 15, ""num_dice"": 4}}]</tool_call>",,True,assistant_message,,
smoltalk_67,user,"What is a confidence interval, and how does it relate to margins of error in a dataset?",Ishonchlilik intervovali nima va u maʼlumotlar toʻplamidagi xatolik chegaralari bilan qanday bogʻliq?,False,,0.6644611358642578,87
smoltalk_67,assistant,"A confidence interval is a statistical measure that provides a range of values within which a population parameter is likely to lie. It's a way to estimate a population parameter, such as a mean or proportion, based on a sample of data. The confidence interval gives you an idea of how reliable your estimate is.

The margin of error is a key component of a confidence interval. It's the maximum amount by which the sample estimate may differ from the true population parameter. In other words, it's the amount of error you're willing to tolerate when making an estimate.

For example, let's say you conduct a survey to estimate the average height of a population, and you get a sample mean of 175 cm with a margin of error of 5 cm. If you're using a 95% confidence interval, this means that you're 95% confident that the true average height of the population lies between 170 cm and 180 cm.

The width of the confidence interval is directly related to the margin of error. A smaller margin of error results in a narrower confidence interval, indicating a more precise estimate. Conversely, a larger margin of error results in a wider confidence interval, indicating less precision.

In general, the margin of error is influenced by two main factors: the sample size and the variability of the data. A larger sample size will generally result in a smaller margin of error, while a smaller sample size will result in a larger margin of error. Additionally, data with high variability will tend to have larger margins of error than data with low variability.

By considering the margin of error and confidence interval together, you can gain a better understanding of the reliability and precision of your estimates, and make more informed decisions based on your data.",,True,assistant_message,,
smoltalk_67,user,How do standard deviations impact data and statistics?,Standart chekinishlar ma'lumotlar va statistikalarga qanday ta'sir qiladi?,False,,0.3033318519592285,54
smoltalk_67,assistant,"Standard deviation is a measure of the amount of variation or dispersion in a set of data. It represents how spread out the values are from the mean. A low standard deviation indicates that the values tend to be close to the mean, while a high standard deviation indicates that the values are spread out over a wider range.

Standard deviations impact data and statistics in several ways:

1. **Measuring variability**: Standard deviation provides a way to quantify the amount of variability in a dataset. This is useful for understanding the consistency of a process or the spread of a population.

2. **Understanding data distribution**: Standard deviation helps describe the shape of a dataset's distribution. A low standard deviation indicates a more concentrated distribution, while a high standard deviation indicates a more dispersed distribution.

3. **Comparing datasets**: Standard deviation allows you to compare the variability of different datasets. This can be useful for identifying which dataset is more consistent or which has more spread.

4. **Identifying outliers**: Standard deviation can be used to identify data points that are significantly different from the rest of the dataset. Data points that are more than two standard deviations away from the mean are often considered outliers.

5. **Calculating margins of error**: Standard deviation is used in calculating margins of error and confidence intervals. A smaller standard deviation results in a smaller margin of error, while a larger standard deviation results in a larger margin of error.

6. **Statistical hypothesis testing**: Standard deviation plays a critical role in statistical hypothesis testing, where it's used to calculate test statistics and p-values.

7. **Regression analysis**: Standard deviation is used in regression analysis to calculate the coefficient of variation, which measures the variability of the dependent variable.

In general, standard deviation is a fundamental concept in statistics that helps describe and analyze the variability of data. It's a powerful tool for understanding and interpreting data, and is used in a wide range of applications, from finance and economics to engineering and medicine.",,True,assistant_message,,
smoltalk_67,user,"How does one implement regression analysis to identify significant factors or variables, within a dataset?",Ma'lumotlar to'plamida muhim omillarni yoki o'zgaruvchilarni aniqlash uchun regressiya tahlili qanday amalga oshiriladi?,False,,0.4965372085571289,106
smoltalk_67,assistant,"Implementing regression analysis to identify significant factors or variables within a dataset involves several steps:

1. **Define the problem and objective**: Clearly articulate the research question or problem you're trying to solve, and identify the variables you're interested in analyzing.

2. **Collect and clean the data**: Gather the relevant data, ensure it's in a suitable format, and perform any necessary data cleaning and preprocessing.

3. **Select the type of regression**: Choose the type of regression analysis that best suits your data and research question, such as simple linear regression, multiple linear regression, logistic regression, or polynomial regression.

4. **Specify the model**: Define the regression model by selecting the dependent variable (outcome variable) and independent variables (predictor variables).

5. **Run the regression analysis**: Use statistical software (e.g., R, Python, Excel) to run the regression analysis and estimate the model parameters.

6. **Evaluate the model**: Assess the overall fit of the model using metrics such as the coefficient of determination (R-squared), mean squared error (MSE), and residual plots.

7. **Identify significant variables**: Examine the regression coefficients, standard errors, and p-values to determine which independent variables are statistically significant.

8. **Interpret the results**: Interpret the regression coefficients, which represent the change in the dependent variable for a one-unit change in the independent variable, while holding all other independent variables constant.

Some common techniques used to identify significant variables include:

* **Stepwise regression**: Iteratively add or remove variables from the model based on their significance.
* **Forward selection**: Start with an empty model and add variables one at a time, selecting the most significant variable at each step.
* **Backward elimination**: Start with a full model and remove variables one at a time, eliminating the least significant variable at each step.

It's also essential to consider:

* **Multicollinearity**: Check for correlations between independent variables, as high correlations can lead to unstable estimates.
* **Interaction terms**: Consider including interaction terms to capture non-additive relationships between independent variables.
* **Model validation**: Validate the model using techniques such as cross-validation to ensure it generalizes well to new data.

By following these steps and considering these factors, you can implement regression analysis to identify significant factors or variables within your dataset.",,True,assistant_message,,
smoltalk_68,user,Answer the following question. Who is credited with the invention of the World Wide Web?,Quyidagi savolga javob bering. Jahon o'rgimchak to'rini kim ixtiro qilgan?,False,,0.3496530055999756,88
smoltalk_68,assistant,"To answer this question, I will follow these steps:

1. Understand the question: The question is asking for the person responsible for the invention of the World Wide Web.
2. Recall information: I remember that Sir Tim Berners-Lee is the inventor of the World Wide Web.
3. Provide the answer: Sir Tim Berners-Lee is credited with the invention of the World Wide Web.

Step justification:

1. Understanding the question is crucial for providing an accurate answer.
2. Recalling accurate information is essential for answering knowledge-based questions.
3. Providing the correct answer based on the recalled information satisfies the user's request.",,True,assistant_message,,
smoltalk_69,user,"🌟 **Reflecting on a Year of Growth and Learning** 🌟

This year at Greenway Charter School has been truly transformative. I'm proud to share that our recent community garden project, which I had the privilege of leading, has not only engaged our students but also enriched our local community in Springfield. 🌱

Our students designed, built, and maintained the garden, integrating lessons in science, math, and art. They learned about soil composition, plant life cycles, and the importance of sustainable practices. The best part? Seeing their faces light up with pride as they shared their knowledge with family and friends at the garden's grand opening. 🌼

Attending a recent professional development workshop on integrating technology into outdoor learning has also opened new avenues for us. We're exploring ways to use digital tools to enhance our students' connection with nature, making learning even more interactive and meaningful.

I'd love to hear from other educators about your experiences with project-based and outdoor learning. What successes and challenges have you encountered? Let's keep the conversation going and inspire each other to create more engaging and sustainable learning environments for our students! 📚🌱

#ProjectBasedLearning #OutdoorEducation #Environmentalism #GreenwayCharterSchool #EducationInnovation #CommunityGarden","🌟 **O'sish va o'rganish yiliga nazar** 🌟

Bu yil Greenway Charter Schoolda haqiqatan ham o'zgarishlarga boy bo'ldi. Men g'urur bilan aytamanki, yaqinda amalga oshirgan va men boshchilik qilish sharafiga ega bo'lgan jamoat bog'i loyihasi nafaqat o'quvchilarimizni, balki Springfield shahrimiz aholisini ham birlashtirdi. 🌱

O'quvchilarimiz bog'ni loyihalashtirdilar, qurdilar va parvarish qildilar, shu bilan birga fan, matematika va san'at darslarini integratsiya qildilar. Ular tuproq tarkibi, o'simliklar hayot sikli va barqaror amaliyotlarning ahamiyati haqida o'rgandilar. Eng yaxshi qismi nima edi? Bog'ning tantanali ochilishida o'z bilimlarini oila a'zolari va do'stlari bilan bo'lishayotganda ularning yuzlarida g'urur bilan yonayotganini ko'rish edi. 🌼

Yaqinda texnologiyalarni ochiq havoda o'rganishga integratsiya qilish bo'yicha o'tkazilgan kasbiy rivojlanish seminarida qatnashish ham biz uchun yangi yo'llarni ochdi. Biz o'quvchilarimizning tabiat bilan aloqasini kuchaytirish uchun raqamli vositalardan foydalanish yo'llarini o'rganmoqdamiz, bu esa o'rganishni yanada interaktiv va mazmunli qiladi.

Men boshqa o'qituvchilardan loyihaga asoslangan va ochiq havoda o'rganish tajribalari haqida eshitishni istardim. Siz qanday yutuqlar va qiyinchiliklarga duch keldilar? Keling, suhbatni davom ettiramiz va o'quvchilarimiz uchun yanada qiziqarli va barqaror o'quv muhitini yaratish uchun bir-birimizni ilhomlantiramiz! 📚🌱

#LoyihagaAsoslanganO'rganish #OchiqHavodaO'qitish #Ekologiya #GreenwayCharterSchool #Ta'limInnovatsiyalari #JamoatBog'i",False,,2.4255599975585938,1355
smoltalk_69,assistant,"🌟 **Reflecting on a Year of Growth and Learning** 🌟

This year at Greenway Charter School has been transformative. Our community garden project, which I led, engaged students and enriched Springfield. They designed, built, and maintained the garden, learning about soil, plant life cycles, and sustainability. Their pride was evident at the garden's grand opening.

A recent workshop on integrating technology into outdoor learning has opened new possibilities. We're exploring digital tools to enhance students' connection with nature, making learning more interactive.

I'd love to hear from other educators about your experiences with project-based and outdoor learning. What successes and challenges have you faced? Let's inspire each other to create engaging and sustainable learning environments! 📚🌱

#ProjectBasedLearning #OutdoorEducation #Environmentalism #GreenwayCharterSchool #EducationInnovation #CommunityGarden",,True,assistant_message,,
smoltalk_70,user,"Consider the data set of scores in the 2022 Game 7 NBA Playoffs Finals clinching game of Warriors versus the Celtics. Recall that the Warriors won that game 103 to 90. Using the following dataset of that specific game identify which of the two teams had higher 2 point shot percentages, 3 point shot percentages, and free throw percentages in that game and provide a brief narrative on what the data suggests for team performance in the game.

Dataset:
- Warriors: 
  2 PT FG: 31-56 
  3 PT FG: 9-39
  Free throws: 14-22
- Celtics:
  2 PT FG: 21-43
  3 PT FG: 11-32
  Free throws: 15-21","2022-yilgi NBA pley-off finalining 7-o'yinida ""Warriors"" va ""Celtics"" jamoalari o'rtasidagi halqimulohaza o'yinining natijalar jadvalini ko'rib chiqing. Eslatib o'tamiz, ""Warriors"" bu o'yinda 103:90 hisobida g'alaba qozongan. Ushbu o'yinning quyidagi ma'lumotlar jadvalidan foydalanib, o'yin davomida qaysi jamoa 2 ocholik, 3 ocholik va jarima zarbalarining foiz ko'rsatkichlari bo'yicha yuqoriroq natijaga erishganligini aniqlang va ma'lumotlar o'yin davomida jamoalarning o'yinlari haqida nima deya olg'ichini qisqacha bayon qiling.

Ma'lumotlar jadvali:
- Warriors:
  2 ocholik zarbalar: 31-56
  3 ocholik zarbalar: 9-39
  Jarima zarbalari: 14-22
- Celtics:
  2 ocholik zarbalar: 21-43
  3 ocholik zarbalar: 11-32
  Jarima zarbalari: 15-21",False,,1.2225971221923828,586
smoltalk_70,assistant,"Analyzing the dataset for the 2022 Game 7 NBA Playoffs Finals clinching game between the Warriors and the Celtics, we can calculate the shooting percentages for both teams.

For 2-point shots, the Warriors had a 55.4% success rate (31/56), while the Celtics had a 48.8% success rate (21/43). This suggests the Warriors performed better in terms of 2-point shot conversions.

For 3-point shots, the Warriors had a 23.1% success rate (9/39), whereas the Celtics had a 34.4% success rate (11/32). This indicates the Celtics had a higher 3-point shot percentage.

Lastly, for free throws, the Warriors had a 63.6% success rate (14/22), and the Celtics had a 71.4% success rate (15/21). The data suggests that the Celtics performed better in terms of free throw conversions.

Overall, the data indicates that the Warriors' advantage in 2-point shooting percentage, combined with their overall higher scoring total (103 points), contributed to their win in the game. However, the Celtics' higher 3-point and free throw percentages suggest that they had opportunities to score efficiently, but were ultimately outscored by the Warriors.",,True,assistant_message,,
smoltalk_70,user,"Warriors won that Game 6. There was no game 7 to even be played in that series, isn't that the truth?","""Uorriorz"" 6-o'yinni yutib olgandi. O'sha seriyada 7-o'yin o'tkazilmagan, shunday emasmi?",False,,0.4127388000488281,101
smoltalk_70,assistant,"The Warriors won the series 4-2, winning the final game on the road in Game 6 with a score of 103-90, not in a Game 7. I apologize for the inaccuracy. Despite this, the data analysis provided still reflects the performance of the teams in that specific Game 6.",,True,assistant_message,,
smoltalk_70,user,What does an analyst do to make sure that their data is in fact accurate and appropriate in the first place to perform subsequent analysis upon?,Analitik keyingi tahlillarni amalga oshirish uchun ma'lumotlarining aslida to'g'ri va mos ekanligiga ishonch hosil qilish uchun nima qiladi?,False,,0.5863101482391357,144
smoltalk_70,assistant,"As an analyst, it's crucial to verify the accuracy and appropriateness of the data before performing analysis. Here are some steps to ensure data quality:

1. **Verify data sources**: Confirm the data source and its reliability. Is it from a trusted provider, or is it user-generated? Are there any potential biases or agendas that may impact the data?
2. **Check data documentation**: Review any documentation or metadata accompanying the data to understand the collection methods, time frames, and any relevant context.
3. **Inspect data visually**: Perform a preliminary visual inspection of the data to identify any obvious errors, inconsistencies, or anomalies.
4. **Validate data against external sources**: Compare the data with external sources, if possible, to verify its accuracy. For example, if analyzing sports data, check the official league or team websites for confirmation.
5. **Check for missing or duplicated data**: Identify any missing or duplicated records and determine the best course of action to address these issues.
6. **Evaluate data relevance**: Ensure the data is relevant to the analysis question or objective. Is the data current, or is it outdated?
7. **Assess data quality metrics**: Calculate data quality metrics, such as data completeness, consistency, and accuracy, to quantify the data's reliability.
8. **Clean and preprocess data**: Perform data cleaning and preprocessing tasks, such as handling missing values, data normalization, and feature scaling, to prepare the data for analysis.
9. **Document assumptions and limitations**: Record any assumptions made about the data and acknowledge potential limitations or biases that may impact the analysis.
10. **Continuously monitor and update**: Regularly review and update the data to ensure it remains accurate and relevant over time.

By following these steps, analysts can increase confidence in the accuracy and appropriateness of their data, ultimately leading to more reliable and meaningful insights. In the case of the initial example, verifying the data against external sources (e.g., official NBA records) would have revealed that there was no Game 7 in the 2022 NBA Finals.",,True,assistant_message,,
smoltalk_71,user,"Design a Python function that takes a sequence of ""x"" and ""o"" characters, representing a Tic-Tac-Toe game board, and returns an integer indicating the modality of the board. Return 0 if the game board is in a tie state, 1 if X wins, and 2 if O wins. If there's no winner, return -1.

Your function should validate the input to ensure that it is a sequence of ""x"" and ""o"" characters, and raise a ValueError if the input doesn't meet this requirement. Additionally, include if-else conditionals to check the winning conditions for each modality.","Tic-Tac-Toe oʻyin taxtasini ifodalovchi ""x"" va ""o"" belgilaridan iborat ketma-ketlikni qabul qiluvchi va taxtaning holatini koʻrsatuvchi butun sonni qaytaruvchi Python funksiyasini loyihalashtiring. Agar oʻyin taxtasi durang holatda boʻlsa 0, X gʻalaba qozonsa 1, O gʻalaba qozonsa 2 qaytaring. Agar gʻolib boʻlmasa, -1 qaytaring.

Funksiyangiz kiritilgan maʼlumot ""x"" va ""o"" belgilaridan iborat ketma-ketlik ekanligini tekshirishi va agar kiritilgan maʼlumot ushbu talabga javob bermasa ValueError xatosini chiqarishi kerak. Bundan tashqari, har bir holat uchun gʻalaba qozonish shartlarini tekshirish uchun if-else shartlarini qoʻshing.",False,,1.146780014038086,543
smoltalk_71,assistant,"Here's how you could do it:

```python
def tic_tac_toe(board):
    if not all(x in ['x', 'o'] for x in board):
        raise ValueError('Invalid input: board should only contain ""x"" and ""o"" characters')
    if board == ['x', 'x', 'x'] or board == ['x', 'x', 'x', 'x', 'x', 'x', 'x', 'x', 'x']:
        return 1
    elif board == ['o', 'o', 'o'] or board == ['o', 'o', 'o', 'o', 'o', 'o', 'o', 'o', 'o']:
        return 2
    elif board == ['x', 'o', 'x', 'x', 'o', 'x', 'o', 'x', 'o']:
        return 0
    return -1
```",,True,assistant_message,,
smoltalk_72,user,What is the purpose of the Transcontinental Railroad?,Transkontinental temir yo'lning maqsadi nima?,False,,0.5094377994537354,53
smoltalk_72,assistant,"The primary purpose of the Transcontinental Railroad was to connect the East and West coasts of the United States by rail, facilitating faster and more efficient transportation of people, goods, and services across the vast distance between the two coasts. Completed in 1869, the Transcontinental Railroad spanned over 1,900 miles, linking the existing railroad system in the East with the newly built line in the West.

The railroad played a crucial role in the development of the United States, fostering economic growth, promoting westward expansion, and enhancing communication between the East and West coasts. It enabled the rapid transportation of goods, including agricultural products, mining outputs, and manufactured goods, which in turn stimulated trade, commerce, and industry. Additionally, the railroad facilitated the movement of people, including settlers, prospectors, and travelers, contributing to the growth of cities and towns along the route.

The Transcontinental Railroad also had significant strategic and military implications, as it provided a vital transportation link for the US military and facilitated the deployment of troops and supplies across the country. Overall, the Transcontinental Railroad was a groundbreaking engineering feat that transformed the United States, bridging the geographical divide between the East and West coasts and paving the way for the country's emergence as a continental power.",,True,assistant_message,,
smoltalk_72,user,What technologies or techniques were used to construct the Railroad?,Temir yo'lni qurish uchun qanday texnologiyalar yoki usullar qo'llanildi?,False,,0.3892180919647217,68
smoltalk_72,assistant,"The construction of the Transcontinental Railroad involved various technologies and techniques, many of which were innovative for its time. One key factor was the use of manual labor, with thousands of workers, including Chinese immigrants, Irish immigrants, and Civil War veterans, who toiled in harsh conditions to lay tracks, dig tunnels, and build bridges.

In terms of technology, the introduction of the Bessemer process for mass-producing steel rails allowed for the widespread adoption of railroads. The Transcontinental Railroad used iron rails, but the Bessemer process paved the way for future railroads.

The railroad also relied on steam-powered locomotives, which were the primary source of motive power for the trains. The development of more efficient and powerful steam engines, such as the 4-4-0 locomotive, enabled the railroad to haul heavier loads over longer distances.

Another important innovation was the use of the telegraph, which allowed for rapid communication between different parts of the railroad and facilitated the coordination of construction efforts. The telegraph lines often followed the railroad route, enabling messages to be sent quickly across the vast distances.

Tunneling and excavation techniques, such as blasting with dynamite and manual digging, were also crucial in the construction of the Transcontinental Railroad. The project involved building 19 tunnels, including the Summit Tunnel, which was over 1,600 feet long.

Furthermore, the construction process involved the use of simple yet effective tools, such as hand tools, pickaxes, shovels, and horse-drawn wagons, which were used for hauling materials, excavating earth, and laying tracks. Additionally, engineers and surveyors employed advanced surveying techniques, including the use of theodolites and transits, to map the route and ensure the railroad's precise alignment.

The combination of these technologies and techniques enabled the rapid construction of the Transcontinental Railroad, which was completed in just six years, considering the vast distances and rugged terrain involved.",,True,assistant_message,,
smoltalk_72,user,What two Companies completed the Railroad?,Temir yo'lni qaysi ikki kompaniya qurib bitirgan?,False,,0.3224000930786133,42
smoltalk_72,assistant,"The Transcontinental Railroad was completed by two companies, the Union Pacific Railroad and the Central Pacific Railroad. The Union Pacific Railroad was responsible for building the eastern portion of the railroad, starting from Omaha, Nebraska, and moving westward. The Central Pacific Railroad, on the other hand, was tasked with constructing the western portion, beginning in Sacramento, California, and moving eastward.

The Union Pacific Railroad was led by Thomas ""Doc"" Durant, who served as the company's vice president, and General Grenville Dodge, who was the chief engineer. The company faced significant challenges, including harsh weather, hostile Native American tribes, and difficult terrain, but it managed to lay over 1,000 miles of track from Omaha to Promontory Summit, Utah.

The Central Pacific Railroad was led by Leland Stanford, who served as the company's president, and James Strobridge, who was the executive engineer. Despite facing similar challenges, including treacherous mountain terrain and labor shortages, the Central Pacific Railroad successfully laid over 690 miles of track from Sacramento to Promontory Summit, Utah.

On May 10, 1869, the two companies met at Promontory Summit, Utah, where they held a ceremonial golden spike ceremony to mark the completion of the Transcontinental Railroad. The event was attended by dignitaries, officials, and workers from both companies, and it marked a significant milestone in the history of the United States.",,True,assistant_message,,
smoltalk_73,user,"Given a large dataset and an algorithm to analyze it, I find a relationship between two groups that when measured seems unlikely. So I am now trying to determine if the result is a false positive or not. Can you help me think through this?","Katta ma'lumotlar to'plami va uni tahlil qilish uchun algoritm berilgan bo'lsa, men ikkita guruh o'rtasida o'zaro bog'liqlikni topdim, bu bog'liqlik o'lchanganida ehtimol kamdek ko'rinadi. Shuning uchun men hozir natija yolg'on-musbatmi yoki yo'qmi ekanligini aniqlashga harakat qilayapman. Shu masala yuzasidan o'ylab ko'rishimga yordam bera olasizmi?",False,,0.7482197284698486,239
smoltalk_73,assistant,"Finding an unexpected relationship in a large dataset can be both intriguing and challenging to interpret. To help you determine whether the result is a false positive or not, let's break down the situation into manageable parts.

First, consider the nature of the relationship you've found. Is it a correlation between two variables, or is it a more complex relationship, such as a difference in means or proportions between the two groups? Understanding the type of relationship will help us think about the potential explanations and the types of errors that might be at play.

Next, think about the algorithm you used to analyze the data. Was it a statistical test, a machine learning model, or something else? Each type of algorithm has its own strengths and weaknesses, and some are more prone to producing false positives than others. For example, if you used a statistical test, was the p-value corrected for multiple comparisons? If not, it's possible that the result is due to chance.

Another important consideration is the size of the dataset and the number of variables you're analyzing. With large datasets, it's not uncommon to find statistically significant relationships simply due to chance. This is known as the ""look-elsewhere effect."" The more variables you're analyzing, the more opportunities there are for false positives to occur.

Now, let's talk about the relationship itself. Is it theoretically plausible? Does it make sense in the context of the data and the research question? If the relationship seems implausible or contradicts prior knowledge, it may be worth exploring further to determine whether it's a real effect or a false positive.

To further investigate, you might consider several strategies. One approach is to try to replicate the finding using a different dataset or a different algorithm. If the relationship holds up, it's more likely to be real. Another approach is to try to identify potential confounding variables or biases in the data that could be driving the relationship. If you can identify a plausible explanation for the relationship, it may be worth exploring further.

Lastly, consider the potential consequences of the relationship being true versus being a false positive. If the relationship has significant implications, it's worth being cautious and trying to verify it through additional analysis or experimentation.

I'd like to ask a question to help us move forward: Can you tell me more about the dataset, the algorithm you used, and the nature of the relationship you found?",,True,assistant_message,,
smoltalk_73,user,"When trying to determine whether the observed relationship is theoretically plausible, it is based upon the knowledge of the user. Is there anything that can be done when determining if the relationship between variables is plausible without relying solely on the user's knowledge?",Kuzatilgan o'zaro bog'liqlik nazariy jihatdan oqilonami yoki yo'qmi degan savolga javob berishda foydalanuvchining bilimi asos qilib olinadi. O'zgaruvchilar o'rtasidagi o'zaro bog'liqlikning oqilona ekanligini belgilashda faqat foydalanuvchining bilimiga tayanmasdan boshqa nima qilish mumkin?,False,,0.6210019588470459,281
smoltalk_73,assistant,"While the user's knowledge and domain expertise are essential in evaluating the plausibility of a relationship, there are some strategies that can help assess plausibility in a more objective and systematic way.

One approach is to explore the existing literature and research in the field to see if similar relationships have been reported or hypothesized before. This can help identify whether the relationship is consistent with established theories and empirical findings. You can search academic databases, research articles, and reviews to gather information about the topic. By examining the existing evidence, you can gain a better understanding of whether the observed relationship is supported by prior research.

Another strategy is to use data-driven approaches to identify potential explanations for the relationship. For instance, you can analyze the correlations between the variables of interest and other variables in the dataset to see if there are any patterns or relationships that could help explain the observed effect. You can also use dimensionality reduction techniques, such as principal component analysis (PCA) or t-distributed Stochastic Neighbor Embedding (t-SNE), to visualize the relationships between variables and identify potential clusters or patterns that could be driving the observed relationship.

Additionally, you can use external data sources or knowledge graphs to provide additional context and insights about the variables and their relationships. For example, you can use databases like Wikipedia or knowledge graphs like Wikidata to gather information about the variables, their definitions, and their relationships to other concepts. By leveraging external knowledge sources, you can gain a more comprehensive understanding of the variables and their potential relationships.

It's also possible to use automated methods, such as hypothesis generation algorithms or causal inference techniques, to identify potential explanations for the observed relationship. These methods can help generate hypotheses or identify potential causal relationships between variables, which can be useful for exploring the plausibility of the observed relationship.

Lastly, even if the relationship appears implausible at first, it's essential to keep an open mind and consider the possibility that it might be a real effect that has not been previously reported or explored. In this case, it's crucial to design follow-up experiments or analyses to verify the relationship and understand its underlying mechanisms.

In your case, have you considered exploring the existing literature or using data-driven approaches to evaluate the plausibility of the observed relationship?",,True,assistant_message,,
smoltalk_73,user,"In real-world applications of data analysis, not all data is of equal quality or relevance. Discuss the potential for analysis to be influenced by differing data quality and relevance.",Maʼlumotlar tahlilining real hayotdagi qoʻllanishida barcha maʼlumotlar bir xil sifatga yoki ahamiyatga ega emas. Tahlilga turli maʼlumotlar sifati va ahamiyatining taʼsir etish imkoniyatlarini muhokama qiling.,False,,0.48221898078918457,184
smoltalk_73,assistant,"In real-world applications of data analysis, the quality and relevance of the data can significantly impact the accuracy and reliability of the results. Differing data quality and relevance can influence the analysis in several ways:

When it comes to data quality, issues such as missing or erroneous values, inconsistencies in formatting or measurement, and biases in data collection can all affect the analysis. For instance, if a dataset contains missing values, the analysis may be skewed towards the observations that have complete data, potentially leading to biased results. Similarly, if the data is noisy or contains errors, the analysis may capture patterns or relationships that are artifacts of the errors rather than real phenomena.

Data relevance is also crucial, as irrelevant data can add noise to the analysis and obscure important patterns or relationships. For example, if a dataset contains variables that are not relevant to the research question, they may introduce correlations or relationships that are not meaningful in the context of the analysis. Conversely, omitting relevant variables can lead to biased or incomplete results.

Another challenge arises when dealing with data from different sources or collected at different times. In such cases, differences in data quality, formatting, or measurement can make it difficult to integrate the data and perform meaningful analysis. This can be particularly problematic in applications where data is collected from multiple sensors, surveys, or other sources, each with its own characteristics and biases.

Furthermore, data quality and relevance issues can be particularly insidious when they are not immediately apparent. For instance, a dataset may appear to be complete and well-formatted but still contain subtle biases or errors that can affect the analysis. In such cases, it may be difficult to detect the issues without careful examination and validation of the data.

To mitigate these risks, it's essential to carefully evaluate the data quality and relevance before performing analysis. This can involve data cleaning and preprocessing, handling missing values, and validating the data against external sources or benchmarks. Additionally, using techniques such as data profiling, visualization, and dimensionality reduction can help identify patterns or anomalies in the data that may indicate quality or relevance issues.

In your analysis, have you considered the potential impact of differing data quality and relevance on your results? Have you taken steps to evaluate and address any data quality or relevance issues that may be present?",,True,assistant_message,,
smoltalk_74,user,"Your response should contain at least 5 sentences. Include keywords [keywords] in the response. In your response, the word [keyword] should appear at least 3 times. [keywords] = [""adventure"", ""explore"", ""journey"", ""destination""], [keyword] = ""adventure"".
","Javobingiz kamida 5 ta gapdan iborat boʻlishi kerak. Javobda [keywords] kalit soʻzlarini qoʻshing. Javobingizda [keyword] soʻzi kamida 3 marta takrorlanishi kerak. [keywords] = [""sarguzasht"", ""kashf etmoq"", ""sayohat"", ""manzil""], [keyword] = ""sarguzasht"".

",False,,0.6984739303588867,255
smoltalk_74,assistant,"Embarking on an *adventure* can be the most fulfilling experience for those who love to *explore* new places and cultures. Each *journey* is unique, offering unexpected turns and exhilarating moments that enrich the soul. Whether your *destination* is a remote village or a bustling city, the *adventure* itself is what truly matters. It's not just about reaching the *destination*; it's about the lessons learned and the memories created along the way. So, if you have a thirst for *adventure*, pack your bags and set off to *explore* the unknown.",,True,assistant_message,,
smoltalk_75,user,"Find a monic quartic polynomial, in x, with rational coefficients such that 2+sqrt(2) and 1-sqrt(3) are roots of the polynomial.","x oʻzgaruvchili, ratsional koeffitsiyentli monik toʻrtinchi darajali koʻphadni toping, shunda 2+sqrt(2) va 1-sqrt(3) koʻphadning ildizlari boʻladi.",False,,0.5090970993041992,128
smoltalk_75,assistant,"We know that if a polynomial with rational coefficients has an irrational root a + sqrt(b), then its conjugate a - sqrt(b) must also be a root. Therefore, since 2+sqrt(2) is a root, 2-sqrt(2) must also be a root. Similarly, since 1-sqrt(3) is a root, 1+sqrt(3) must also be a root.

Using these four roots, we can construct the desired quartic polynomial as the product of two quadratic polynomials. The first quadratic polynomial has roots 2+sqrt(2) and 2-sqrt(2), so it can be expressed as (x - (2+sqrt(2)))(x - (2-sqrt(2))). Multiplying this out, we get x^2 - 4x + 2.

The second quadratic polynomial has roots 1-sqrt(3) and 1+sqrt(3), so it can be expressed as (x - (1-sqrt(3)))(x - (1+sqrt(3))). Multiplying this out, we get x^2 - 2x - 2.

Now, we multiply these two quadratic polynomials to obtain the desired quartic polynomial: (x^2 - 4x + 2)(x^2 - 2x - 2). Multiplying this out, we get x^4 - 6x^3 + 8x^2 + 4x - 4.

So, the desired monic quartic polynomial is x^4 - 6x^3 + 8x^2 + 4x - 4.",,True,assistant_message,,
smoltalk_75,user,"Find a monic quartic polynomial, in y, with rational coefficients such that 3-2sqrt(2) and 2+sqrt(3) are roots of the polynomial.","Ratsional koeffitsiyentlarga ega boʻlgan y oʻzgaruvchili monik toʻrtinchi darajali koʻphadni toping, shunda 3-2sqrt(2) va 2+sqrt(3) koʻphadning ildizlari boʻladi.",False,,0.6213269233703613,129
smoltalk_75,assistant,"We know that if a polynomial with rational coefficients has an irrational root a + sqrt(b), then its conjugate a - sqrt(b) must also be a root. Therefore, since 3-2sqrt(2) is a root, 3+2sqrt(2) must also be a root. Similarly, since 2+sqrt(3) is a root, 2-sqrt(3) must also be a root.

Using these four roots, we can construct the desired quartic polynomial as the product of two quadratic polynomials. The first quadratic polynomial has roots 3-2sqrt(2) and 3+2sqrt(2), so it can be expressed as (y - (3-2sqrt(2)))(y - (3+2sqrt(2))). Multiplying this out, we get y^2 - 6y + 1.

The second quadratic polynomial has roots 2+sqrt(3) and 2-sqrt(3), so it can be expressed as (y - (2+sqrt(3)))(y - (2-sqrt(3))). Multiplying this out, we get y^2 - 4y - 1.

Now, we multiply these two quadratic polynomials to obtain the desired quartic polynomial: (y^2 - 6y + 1)(y^2 - 4y - 1). Multiplying this out, we get y^4 - 10y^3 + 23y^2 - 10y - 1.

So, the desired monic quartic polynomial is y^4 - 10y^3 + 23y^2 - 10y - 1.",,True,assistant_message,,
smoltalk_75,user,Find roots of the polynomial: x^4+4x^2+4=0,Koʻphadning ildizlarini toping: x^4+4x^2+4=0,False,,0.2478470802307129,42
smoltalk_75,assistant,"The given polynomial can be factored as x^4 + 4x^2 + 4 = (x^2 + 2)^2 = 0.

This implies that (x^2 + 2) = 0, so x^2 = -2.

Taking the square root of both sides, we get x = ±√(-2) = ±i√2.

Therefore, the roots of the polynomial are x = i√2 and x = -i√2, each with multiplicity 2.",,True,assistant_message,,
smoltalk_76,user,"8 identical balls are to be placed into boxes labeled 1, 2, and 3, with at least one ball in each box. There are \_\_\_\_\_\_ different ways to do this.","8 ta bir xil to'plarni 1, 2 va 3 raqamlari bilan belgilangan qutilarga joylashtirish kerak, har bir qutida kamida bitta to'p bo'lishi kerak. Buni qilishning \_\_\_\_\_\_ xil usuli mavjud.",False,,0.5593018531799316,152
smoltalk_76,assistant,"To solve this problem, we first arrange the 8 balls in a row, creating 7 spaces between them.  
We then insert 2 dividers into these 7 spaces to divide the 8 balls into groups corresponding to the boxes labeled 1, 2, and 3.  
Therefore, the answer is: $\boxed{1}$.  
Analyzing the problem according to the given conditions, arranging the 8 balls in a row creates 7 spaces, and inserting 2 dividers into these 7 spaces allows us to calculate the number of ways to insert the dividers, which corresponds to the number of ways to place the balls as required by the problem.  
This problem tests the application of permutations and combinations. Since the balls are identical, there is only one way to arrange them.",,True,assistant_message,,
smoltalk_77,user,"Dear Emily,

Thank you for reaching out and for your kind words about my research. I am delighted to hear that my work has caught the attention of someone in the health education field, and I wholeheartedly agree that our combined expertise could lead to a meaningful collaboration.

I have always been passionate about using my knowledge in food science to make a positive impact on global health, and your proposal aligns perfectly with my values. I would be more than happy to discuss the potential applications of my preservation technique in promoting healthy eating habits and preventing chronic diseases like cancer.

I am available for a call next week, if that works for you. Please let me know your availability, and we can arrange a time to discuss this further.

Thank you once again for reaching out, and I look forward to the possibility of working together.

Best regards,
Dr. Michael Thompson
Food Scientist
FoodTech Labs","Hurmatli Emili,

Murojaatingiz va tadqiqotim haqidagi iliq so'zlariniz uchun tashakkur bildiraman. Ishim sog'liqni saqlash ta'limi sohasidagi mutaxassisning e'tiborini qozongani meni juda xushnud etdi va bizning qo'shma tajribamiz mazmunli hamkorlikka olib kelishi mumkinligi haqidagi fikringizga chin yurakdan qo'shilaman.

Men har doim oziq-ovqat fanidagi bilimimdan global sog'liqqa ijobiy ta'sir ko'rsatish uchun foydalanishga intilaman va sizning taklifingiz mening qadriyatlarimga to'liq mos keladi. Sog'lom ovqatlanish odatlarini targ'ib qilish va saraton kabi surunkali kasalliklarning oldini olishda mening saqlash texnikamning potentsial qo'llanilishini muhokama qilishdan mamnun bo'lardim.

Agar sizga qulay bo'lsa, kelasi hafta suhbatlashish uchun vaqtim bor. Iltimos, qachon vaqtingiz bo'lishini menga bildiring, shunda biz buni batafsil muhokama qilish uchun vaqtni belgilay olamiz.

Murojaat qilganingiz uchun yana bir bor tashakkur bildiraman va birgalikda ishlash imkoniyatini kutaman.

Hurmat bilan,
Dr. Maykl Tompson
Oziq-ovqat olimi
FoodTech Labs",False,,1.7868707180023193,937
smoltalk_77,assistant,Dr. Michael Thompson expresses enthusiasm about collaborating with a health educator on the application of food preservation techniques. Dr. Thompson values the potential impact on global health and is available for a call next week to discuss the proposal further.,,True,assistant_message,,
smoltalk_78,user,A person stands alone in a vast desert. What are some possible character and story developments for this setup?,Bir kishi ulkan cho'lda yolg'iz turibdi. Ushbu vaziyat uchun qanday qahramonlik va hikoya rivojlanishlari bo'lishi mumkin?,False,,0.39626598358154297,111
smoltalk_78,assistant,"The image of a person standing alone in a vast desert is a powerful and evocative one, ripe with possibilities for character and story development. Here are a few directions you could take this setup:

This solitary figure could be a survivor of a catastrophic event, perhaps the only one left after a devastating sandstorm or a plane crash. As they navigate the harsh desert environment, they must confront the trauma of their past and the uncertainty of their future. Their journey becomes a quest for survival, self-discovery, and redemption.

Alternatively, the person might be a wanderer, someone who has intentionally sought out the isolation of the desert to escape the burdens of their former life. They may be a mystic or a spiritual seeker, drawn to the desert's vast expanses and austere beauty in search of enlightenment or a deeper connection to the universe. As they walk, they begin to unravel the threads of their past, confronting the choices that led them to this place of solitude.

The desert could also be a symbol of the character's inner landscape, a manifestation of their emotional state. Perhaps they are struggling with feelings of emptiness, desolation, or disconnection, and the desert represents the arid, barren terrain of their own heart. As they traverse the dunes, they must confront the shadows within themselves, learning to cultivate hope, resilience, and a sense of purpose in the face of adversity.

Another possibility is that the person is not alone in the desert after all. They may be on a mission to meet someone, or to find something – a lost city, a hidden treasure, or a mythical creature. The desert becomes a testing ground, a proving ground for their courage, wit, and determination. Along the way, they encounter a cast of characters who aid or hinder their progress, forcing them to adapt and grow in response to the challenges they face.

Lastly, the person standing alone in the desert could be a figure from a larger narrative, a pawn in a much larger game. Perhaps they are a key player in a global conspiracy, or a hero on a quest to save the world from an ancient evil. The desert serves as a backdrop for their journey, a reminder of the vast, uncharted territories that lie beyond the reaches of human understanding.

These are just a few of the many directions you could take this setup. The beauty of the desert landscape lies in its versatility, its ability to evoke a wide range of emotions and themes. Ultimately, the story you tell will depend on the tone, mood, and themes you want to explore, as well as the character's inner world and the world they inhabit.",,True,assistant_message,,
smoltalk_78,user,I'm not sure which of the presented paths I wish to take for my character in the desert. Can you help me decide?,Cho'ldagi personajim uchun qaysi yo'lni tanlashni istayotganimga ishonchim komil emas. Menga qaror qilishimga yordam bera olasizmi?,False,,0.47367215156555176,112
smoltalk_78,assistant,"It's natural to feel uncertain about the direction you want to take your story. Sometimes, exploring the character's inner world and motivations can help clarify the path forward.

Let's delve a bit deeper into your character's psyche. What is it about the desert that drew you to this setting? Is it the sense of vastness and isolation, the harsh conditions, or something else entirely? What kind of emotions or themes do you want to explore in your story? Are you leaning towards a more introspective, character-driven narrative, or something with a stronger plot drive?

Additionally, consider what kind of character you envision standing alone in the desert. Are they a rugged, seasoned adventurer, or someone more vulnerable and out of their element? What are their strengths and weaknesses? What do they hope to achieve or find in the desert, if anything?

You might also ask yourself what kind of tone you want to maintain in your story. Do you want it to be a bleak, gritty survival tale, or something more mystical and dreamlike? Are there any specific symbols, motifs, or imagery you want to incorporate?

By exploring these questions, you may find that one of the paths I presented earlier resonates more strongly with you, or that you're drawn to a combination of elements from multiple paths. Alternatively, you might discover a new direction that wasn't on the table before.

If you'd like, we can also try some freewriting exercises or prompts to help tap into your character's voice and world. Sometimes, getting into the flow of writing can help clarify the direction you want to take your story.",,True,assistant_message,,
smoltalk_78,user,What is it that makes a character complex? Complexity seems to be a combination of internal and external. But how are these internal and external complexities intertwined?,Qahramonni murakkab qilib ko'rsatadigan nima? Murakkablik ichki va tashqi omillarning kombinatsiyasi kabi ko'rinadi. Ammo bu ichki va tashqi murakkabliklar qanday o'zaro bog'langan?,False,,0.45397400856018066,171
smoltalk_78,assistant,"Complexity in a character is indeed a delicate balance of internal and external factors, intertwined in a way that creates a rich, nuanced, and believable individual. Let's break it down further.

Internal complexity refers to the character's inner world, encompassing their thoughts, emotions, motivations, and backstory. This includes their desires, fears, values, and conflicts, which shape their perceptions, attitudes, and behaviors. A complex character's internal landscape is multifaceted, with contradictory elements that create tension and depth.

External complexity, on the other hand, arises from the character's interactions with the world around them. This includes their relationships, social context, cultural background, and the circumstances that shape their experiences. The way a character navigates their environment, responds to challenges, and adapts to change reveals their external complexity.

Now, here's the crucial part: the interplay between internal and external complexity. A well-crafted character's internal world informs their external actions, and vice versa. Their thoughts, emotions, and motivations drive their decisions and behaviors, which, in turn, affect their relationships and the world around them. This creates a dynamic feedback loop, where internal and external factors influence and shape each other.

For example, a character's fear of abandonment (internal) might lead them to push people away (external), which, in turn, reinforces their fear of abandonment (internal). This self-reinforcing cycle creates a rich, nuanced complexity that feels authentic and relatable.

Another key aspect of complexity is the presence of contradictions. A complex character can embody contradictory traits, desires, or values, which creates tension and depth. For instance, a character might be both fiercely independent and desperate for connection, or hold strong moral convictions while struggling with personal demons. These contradictions make the character feel more real, as they grapple with the same ambiguities and paradoxes that we do in real life.

The interplay between internal and external complexity can also reveal a character's growth, development, and change over time. As they navigate challenges and experiences, their internal world evolves, influencing their external actions and relationships. This, in turn, can lead to new conflicts, opportunities, and transformations, creating a rich, dynamic narrative.

To illustrate this, consider a character who begins as a loner, driven by a fear of intimacy (internal). As they form connections with others (external), they begin to confront and overcome their fear (internal), leading to a shift in their relationships and behaviors (external). This transformation creates a new set of challenges and opportunities, further deepening the character's complexity.

In summary, complexity in a character arises from the interplay between their internal world and external circumstances, with contradictions and tensions creating a rich, nuanced, and believable individual. By embracing this interplay, you can craft characters that feel authentic, relatable, and engaging, with a depth that will keep readers invested in their journey.",,True,assistant_message,,
smoltalk_79,user,Can you tell me the current Premier League standings and also the prediction details for the upcoming match with ID 12345?,Menga Premyer-liganing hozirgi jadvalini va ID 12345 bo'lgan bo'lajak o'yinning prognoz tafsilotlarini ayta olasizmi?,False,,0.5717871189117432,122
smoltalk_79,assistant,"<tool_call>[{""name"": ""premier_league_standings"", ""arguments"": {}}, {""name"": ""prediction_details"", ""arguments"": {""match_id"": ""12345""}}]</tool_call>",,True,assistant_message,,
smoltalk_80,user,"What are the main features of [product_name] that make it stand out in the market? Your response should contain at least 3 bullet points. Use the markdown bullet points such as: * This is point 1.
","[product_name] mahsulotini bozorda ajralib turishini ta'minlaydigan asosiy xususiyatlari qanday? Javobingizda kamida 3 ta band bo'lishi kerak. Markdown belgilaridan foydalaning, masalan: * Bu 1-band.

",False,,0.5334129333496094,197
smoltalk_80,assistant,"* *Innovative Design*: [product_name] stands out with its cutting-edge design that not only looks modern but also enhances user experience through intuitive interfaces and ergonomic features.
* *Advanced Technology*: Equipped with the latest technology, [product_name] offers superior performance and reliability compared to its competitors, ensuring that users get the best possible results every time.
* *Customer Support*: [product_name] is backed by exceptional customer support, providing users with timely assistance and resources to make the most out of their purchase.",,True,assistant_message,,
smoltalk_81,user,"Determine if the function $y=x\ln(x)$ is monotonic in the interval (0, 5), and identify the corresponding monotonic intervals.

A: Monotonically increasing function
B: Monotonically decreasing function
C: Increasing in the interval $(0, \frac {1}{e})$ and decreasing in the interval $(\frac {1}{e}, 5)$
D: Decreasing in the interval $(0, \frac {1}{e})$ and increasing in the interval $(\frac {1}{e}, 5)$",,True,filtered,,
smoltalk_81,assistant,"Given the function $y = x\ln(x)$, we need to find its derivative to determine its monotonicity. The derivative of $y$ with respect to $x$ is calculated as:

$$
y' = \frac{d}{dx}(x\ln(x)) = \ln(x) + x \cdot \frac{1}{x} = \ln(x) + 1.
$$

Now, we analyze the sign of $y'$ to deduce the intervals where the function is increasing or decreasing:

1. For $x \in (0, \frac {1}{e})$, $\ln(x)$ is negative and $\ln(x) + 1$ is negative because $\ln(\frac {1}{e}) = -1$. Hence, in this interval, $y' < 0$ and the function is monotonically decreasing.

2. For $x \in (\frac {1}{e}, 5)$, $\ln(x)$ is positive for $x > \frac {1}{e}$ and thus $\ln(x) + 1$ is also positive. Therefore, $y' > 0$ and the function is monotonically increasing.

Based on the analysis above, option D is correct. The function $y=x\ln(x)$ is decreasing in the interval $(0, \frac {1}{e})$ and increasing in the interval $(\frac {1}{e}, 5)$. So, the correct answer is \boxed{D}.",,True,assistant_message,,
smoltalk_82,user,"Dr. Harris,

Thank you for reaching out! I'm thrilled to hear from you and would be delighted to collaborate on the Pygmy Sloth paper. Your field study data sounds like a valuable addition to our research.

I've been working on a draft that focuses on the ecological factors influencing the sloths' mating habits, and I believe your data could provide some crucial insights into the anatomical aspects of their reproduction. If you're willing to share your findings, I can incorporate them into the paper and send you the updated draft for your review.

I'm excited to work with you on this project and look forward to combining our expertise.

Best,
Alex Novak
Graduate Student, Riverdale College","Dr. Harris,

Murojaatingiz uchun tashakkur! Sizdan xabar olganimdan juda xursandman va Pygmy Sloth haqidagi maqolada hamkorlik qilishdan mamnun bo'lardim. Sizning dala tadqiqoti ma'lumotlari bizning tadqiqotimiz uchun muhim qo'shimcha bo'ladi deb o'ylayman.

Men kofe daranlarining juftlashish odatiga ta'sir qiluvchi ekologik omillarga qaratilgan maqola ustida ishlayapman va menimcha, sizning ma'lumotlaringiz ularning ko'payishining anatomik jihatlari haqida muhim ma'lumotlar berishi mumkin. Agar siz o'z topilmalaringizni baham ko'rishga tayyor bo'lsangiz, men ularni maqolaga kiritib, yangilangan loyihani ko'rib chiqishingiz uchun sizga yuboraman.

Ushbu loyihada siz bilan ishlashdan xursandman va tajribalarimizni birlashtirishni intiqlik bilan kutaman.

Hurmat bilan,
Alex Novak
Riverdale kolleji magistranti",False,,1.6125357151031494,697
smoltalk_82,assistant,Alex Novak is excited to collaborate on the Pygmy Sloth paper and integrate Dr. Harris's field study data.,,True,assistant_message,,
smoltalk_83,user,How does one create a promise in JavaScript that resolves after a certain amount of time?,JavaScript'da ma'lum vaqt o'tgandan keyin hal qilinadigan va'dani qanday yaratish mumkin?,False,,0.415407657623291,89
smoltalk_83,assistant,"You can create a promise in JavaScript that resolves after a certain amount of time using the `Promise` constructor and the `setTimeout` function. Here's a simple example:

```javascript
function delay(ms) {
    return new Promise(resolve => setTimeout(resolve, ms));
}

// Usage:
delay(2000).then(() => console.log(""Resolved after 2 seconds""));
```

This code defines a `delay` function that returns a promise that resolves after the specified number of milliseconds. The `setTimeout` function is used to schedule the `resolve` function to be called after the specified delay.

Alternatively, you can also use `async/await` syntax to create a promise that resolves after a certain amount of time:

```javascript
async function delay(ms) {
    await new Promise(resolve => setTimeout(resolve, ms));
}

// Usage:
async function main() {
    await delay(2000);
    console.log(""Resolved after 2 seconds"");
}

main();
```

Note that in modern browsers and Node.js environments, you can also use the `setTimeout` function as a promise using the `util.promisify` function or the `setTimeout` function directly as it returns a promise when used as a module:

```javascript
import { setTimeout } from 'timers/promises';

// Usage:
setTimeout(2000).then(() => console.log(""Resolved after 2 seconds""));
```",,True,assistant_message,,
smoltalk_83,user,"For the following function you must implement functionality that it accepts a specified number of asynchronous functions to perform asynchronous operations. The asynchronous nature of functions can be simulated by using setTimeout. Implement error handling mechanism and final and intermediate results should be logged. 

```javascript
async function main() {
    const func1 = async () => {
        await new Promise(resolve => setTimeout(resolve, 1000));
        return 'Function 1 completed';
    };

    const func2 = async () => {
        await new Promise(resolve => setTimeout(resolve, 2000));
        return 'Function 2 completed';
    };

    const func3 = async () => {
        await new Promise(resolve => setTimeout(resolve, 3000));
        throw new Error('Something went wrong in Function 3');
    };

    const func4 = async () => {
        await new Promise(resolve => setTimeout(resolve, 4000));
        return 'Function 4 completed';
    };

    // Call the functions here
}

main();
```

Here you have 4 example async functions. Call them one by one, and log result of every function. Also, make sure to handle any errors that might appear.",,True,filtered,,
smoltalk_83,assistant,"Here's a revised version of the `main` function that accepts a specified number of asynchronous functions, calls them one by one, logs the result of every function, and handles any errors that might appear:

```javascript
async function main() {
    const func1 = async () => {
        await new Promise(resolve => setTimeout(resolve, 1000));
        return 'Function 1 completed';
    };

    const func2 = async () => {
        await new Promise(resolve => setTimeout(resolve, 2000));
        return 'Function 2 completed';
    };

    const func3 = async () => {
        await new Promise(resolve => setTimeout(resolve, 3000));
        throw new Error('Something went wrong in Function 3');
    };

    const func4 = async () => {
        await new Promise(resolve => setTimeout(resolve, 4000));
        return 'Function 4 completed';
    };

    const asyncFunctions = [func1, func2, func3, func4];

    for (let i = 0; i < asyncFunctions.length; i++) {
        try {
            const result = await asyncFunctions[i]();
            console.log(`Function ${i + 1} result: ${result}`);
        } catch (error) {
            console.error(`Error in Function ${i + 1}: ${error.message}`);
        }
    }
}

main();
```

In this revised version, we define an array `asyncFunctions` that contains all the asynchronous functions. We then iterate over this array using a `for` loop, calling each function one by one and logging the result.

If any function throws an error, we catch it using a `try-catch` block and log the error message. This ensures that even if one function fails, the subsequent functions will still be called.

Alternatively, you can also use `Promise.all` to call all the functions at once and handle errors, but this will stop executing as soon as one of the promises rejects. Here's how you can do it:

```javascript
async function main() {
    // Define the functions...

    const asyncFunctions = [func1, func2, func3, func4];

    const promises = asyncFunctions.map((func, index) => {
        return func().then(result => {
            console.log(`Function ${index + 1} result: ${result}`);
        }).catch(error => {
            console.error(`Error in Function ${index + 1}: ${error.message}`);
            throw error; // Rethrow the error to propagate it
        });
    });

    await Promise.allSettled(promises);
}

main();
```

In this version, we use `Promise.allSettled` instead of `Promise.all` to wait for all promises to settle, regardless of whether they resolve or reject. This ensures that all functions are called and all results are logged.",,True,assistant_message,,
smoltalk_83,user,"Give example of async await where it does not wait for first await call to finish. 

```javascript
async function main() {
    console.log('1');
    let result1 = this.someMethod();
    console.log('2');
    let result2 = await this.anotherMethod();
    console.log('3');
    return result1;
}

async function someMethod() {
    console.log('Inside someMethod');
    await new Promise(resolve => setTimeout(resolve, 2000));
    console.log('Exiting someMethod');
    return 'Result from someMethod';
}

async function anotherMethod() {
    console.log('Inside anotherMethod');
    await new Promise(resolve => setTimeout(resolve, 1000));
    console.log('Exiting anotherMethod');
    return 'Result from anotherMethod';
}

main();
```

Here in the example you have used this.someMethod() without await. Therefore, main function will not wait until someMethod execution finishes.",,True,filtered,,
smoltalk_83,assistant,"Here's a corrected version of the code:

```javascript
async function main() {
    console.log('1');
    let result1 = someMethod(); // Removed await and this
    console.log('2');
    let result2 = await anotherMethod();
    console.log('3');
    console.log(await result1); // Added await here to get the result
    return result1;
}

async function someMethod() {
    console.log('Inside someMethod');
    await new Promise(resolve => setTimeout(resolve, 2000));
    console.log('Exiting someMethod');
    return 'Result from someMethod';
}

async function anotherMethod() {
    console.log('Inside anotherMethod');
    await new Promise(resolve => setTimeout(resolve, 1000));
    console.log('Exiting anotherMethod');
    return 'Result from anotherMethod';
}

main();
```

In this code, `someMethod` is called without `await`, which means `main` function will not wait for `someMethod` to finish before executing the next line. However, note that `someMethod` still returns a promise, so we can use `await` later to get its result.

When you run this code, the output will be:

```
1
Inside someMethod
2
Inside anotherMethod
Exiting anotherMethod
3
Exiting someMethod
Result from someMethod
```

As you can see, `someMethod` and `anotherMethod` are running concurrently, and `main` function does not wait for `someMethod` to finish before calling `anotherMethod`. However, we use `await` later to get the result of `someMethod`.",,True,assistant_message,,
smoltalk_84,user,"The couple who saved a newborn baby's life in Merced, California are planning to adopt the baby girl found abandoned in their apartment building's dumpster last week. Jimmy and Annette Alvarez found the little girl after hearing Jorge Miranda scream around 5:45am at the Sunnyside Apartment Complex last Thursday. Jimmy immediately wrapped the baby in his t-shirt and his wife warmed her up with her hands, which led the child to take a deep breath and come back to life. Police have since identified the baby's mother as a 13-year-old girl who is bound for Child Protective Services. Scroll down for video . Loving: Annette (left) and Jimmy Alvarez (right) plan to adopt the newborn baby who was found dumped in a trash bin last week in Merced, California. The mother has since been identified as a 13-year-old girl . Found: A newborn baby girl was found in this dumpster beneath pizza boxes and various pieces of trash . The Alvarezes, former foster parents who have 37 grandchildren and great-grandchildren, now plan to become parents again after filing papers to adopt the little girl they've named Milagro - Spanish for 'miracle'. Mr Alvarez described the heartbreaking moment he found baby Milagro to the Merced Sun-Star. Jorge Miranda was looking through the trash bin for cans and bottles early that morning when he found the hours-old baby under discarded pizza boxes and plastic trash bags. The Alvarezes heard the scream and came running to the trash area, where they found a confused and shocked Mr Miranda with the baby. Family man: Mr Alvarez pictured with one of his many great-grandchildren . 'He was shocked, he was scared,' Mr Alvarez said of Mr Miranda. 'The baby was lying in the corner of the dumpster, half naked, the umbilical cord hanging.' Alvarez wrapped the child in his shirt and his wife then held the baby until police arrived. He asked the paramedics if he could name the child 'Milagro' which means miracle. 'It was a miracle she was there; it was a miracle she was found. I’m just grateful it wasn't dumpster day.' Hospitals, fire stations, and police stations are 'Safe Surrender' stations where mother's may drop their babies less than three days old without any questions asked. 'We also have information available if someone drops a baby off and later wants them back,' said Billy Alcorn, acting battalion chief. Local  police eventually found the 13-year-old mother who admitted to abandoning the baby. She received medical treatment and doctors confirmed that she recently gave birth. The unidentified mother is currently in the county's care and will be transferred into the custody of Child Protective Services. Miracle: Jimmy Alvarez presents a gift to the baby he calls Milagros meaning miracle because the baby is lucky to be alive after being abandoned in the trash can .","Kaliforniyaning Mersed shahrida yangi tug'ilgan chaqaloqning hayotini qutqargan er-xotin o'tgan hafta ularning kvartira binosining axlat konteyneridan topilgan qizaloqni asrab olishni rejalashtirmoqda. Jimmmi va Annette Alvarez o'tgan payshanba kuni ertalab soat 5:45 atasidorda Jorge Miranda'ning ""Sunnyside"" kvartira kompleksida baqirganini eshitib, kichik qizaloqni topishdi. Jimmy darhol chaqaloqni o'z futbolkasiga o'radi va uning rafiqasi qo'llari bilan isitadi, bu esa bolaning chuqur nafas olib, hayotga qaytishiga olib keldi. Politsiya chaqaloqning onasini 13 yoshli qiz deb topdi va u bolalarni himoya qilish xizmatiga topshirildi. Video uchun pastga aylantiring. Sevgi: Annette (chapda) va Jimmy Alvarez (o'ngda) o'tgan hafta Kaliforniyaning Mersed shahrida axlat konteyneridan topilgan yangi tug'ilgan chaqaloqni asrab olishni rejalashtirmoqda. Ona 13 yoshli qiz deb topildi. Topildi: Yangi tug'ilgan chaqaloq pizza qutulari va turli axlatlar ostidagi ushbu konteynerdan topildi. 37 ta nabirasi va nevarasi bo'lgan sobiq vasiylar Alvarezlar endi Milagro deb nomlagan kichik qizaloqni asrab olish uchun hujjatlarni topshirgandan so'ng yana ota-onaga aylanishni rejalashtirmoqda - ispan tilida ""mojiza"" degan ma'noni anglatadi. Alvarez janob Mersed Sun-Star gazetasiga chaqaloq Milagro'ni topgan yurakni ezuvchi lahzani tasvirlab berdi. Jorge Miranda o'sha kuni ertalab pivo qutulari va plastik axlat sumkalarining ostidan bir necha soatlik chaqaloqni topganda, axlat konteynerini qutular va butilkalarni qidirayotgan edi. Alvarezlar baqiriqni eshitib, axlat maydoniga yugurib kelishdi va u yerda chalkashgan va shokdagi Miranda janobni chaqaloq bilan topishdi. Oila boshisi: Alvarez janob ko'plab nevaralaridan biri bilan tushirilgan. ""U shokda edi, u qoqqoq edi"", dedi Alvarez janob Miranda haqida. ""Chaqaloq konteynerning burchagida, yarim yalang'och, kindik ipi osilgan holda yotgan edi."" Alvarez chaqaloqni ko'ylagiga o'radi va uning rafiqasi politsiya kelgunga qadar chaqaloqni ushlab turdi. U tez yordam xodimlaridan chaqaloqqa ""Milagro"" ya'ni ""mojiza"" deb ism qo'yishga ruxsat so'radi. ""Uning u yerda bo'lishi mo'jiza edi; u topilgani mo'jiza edi. Men shunchaki axlat kuni bo'lmaganiga minnatdorman."" Kasalxonalar, yong'in stantsiyalari va politsiya stantsiyalari ""Xavfsiz topshirish"" stantsiyalari bo'lib, u yerda onalar uch kundan kichik bo'lgan chaqaloqlarini hech qanday savol bermasdan qoldirishlari mumkin. ""Agar kimdir chaqaloqni qoldirib, keyin uni qaytarib olmoqchi bo'lsa, bizda ma'lumot ham mavjud"", dedi batalyon boshlig'ining o'rinbosari Billy Alcorn. Mahalliy politsiya oxir-oqibat 13 yoshli onani topdi va u chaqaloqni tashlab ketganini tan oldi. U tibbiy yordam oldi va shifokorlar uning yaqinda tug'ganligini tasdiqladilar. Anonym onani hozirda tuman hokimiyati nazorati ostida va u bolalarni himoya qilish xizmatiga topshiriladi. Mo'jiza: Jimmmi Alvares chaqaloqqa sovg'a beradi va uni Milagros deb ataydi, bu mo'jiza degan ma'noni anglatadi, chunki chaqaloq axlat qutisiga tashlab ketilganidan keyin tirik qolgani uchun omadli.",False,,3.8859682083129883,2816
smoltalk_84,assistant,"Jimmy and Annette Alvarez, a couple from Merced, California, are planning to adopt a newborn baby girl they found abandoned in their apartment building's dumpster last week. On Thursday morning, around 5:45 am, they heard Jorge Miranda scream and rushed to the trash area, where they found the baby under discarded pizza boxes and trash. Jimmy wrapped the infant in his t-shirt, and Annette warmed her with her hands, reviving the child. The baby, now named Milagro, which means ""miracle"" in Spanish, was taken to the hospital and is doing well. The Alvarezes, who are former foster parents with 37 grandchildren and great-grandchildren, have filed papers to adopt Milagro. The baby's mother, a 13-year-old girl, has been identified and is under the care of Child Protective Services. The incident highlights the availability of ""Safe Surrender"" stations, where mothers can drop off babies under three days old without facing legal consequences.",,True,assistant_message,,
smoltalk_85,user,Name a type of flower that typically grows in a temperate climate,O'rtacha iqlimda o'sadigan gul turini ayting,False,,0.2844667434692383,65
smoltalk_85,assistant,One type of flower that typically grows in a temperate climate is the rose.,,True,assistant_message,,
smoltalk_86,user,"Replace repetitive words in the following sentence with appropriate synonyms:
The cake was sweet, very sweet, but not too sweet.","Quyidagi gapdagi takroriy so'zlarni mos sinonimlar bilan almashtiring:
Tort shirin, juda shirin, lekin haddan tashqari shirin emas edi.",False,,0.528792142868042,128
smoltalk_86,assistant,"The cake was sweet, very sugary, but not overly so.",,True,assistant_message,,
smoltalk_87,user,"I'm thrilled to share a story that highlights the power of patient education and dedicated healthcare. A few months ago, I had the privilege of working with Sarah Johnson, a patient diagnosed with a rare form of macular degeneration. Despite the initial challenges, Sarah's condition improved significantly after a customized treatment plan and consistent patient education. Her journey is a testament to the importance of clear communication and a supportive healthcare team. 🌟

Inspired by Sarah's success, I am excited to announce the launch of ""Eyes on Health,"" a new educational initiative in collaboration with the San Francisco Eye Institute. This program aims to provide comprehensive resources for patients and caregivers, helping them better understand and manage eye conditions. Whether it's through webinars, articles, or interactive Q&A sessions, we are committed to making eye health accessible and understandable for everyone.

I would love to hear your thoughts and experiences. How do you ensure your patients stay informed and engaged in their healthcare journey? #EyeHealth #PatientEducation #Ophthalmology","Bemorlarni oʻqitish va sogʻliqni saqlash xizmatining muhimligini koʻrsatuvchi hikoyani baham koʻrishdan xursandman. Bir necha oy oldin, men kam uchraydigan makula distrofiyasi tashxisi qoʻyilgan Sarah Johnson ismli bemor bilan ishlash sharafiga ega boʻldim. Dastlabki qiyinchiliklarga qaramay, Sarahning ahvoli maxsus ishlab chiqilgan davolash rejasi va muntazam bemorlarni oʻqitishdan soʻng sezilarli darajada yaxshilandi. Uning tajribasi sogʻliqni saqlash jamoasining aniq muloqoti va qoʻllab-quvvatlashining muhimligini isbotlaydi. 🌟

Sarahning muvaffaqiyatidan ilhomlanib, San Francisco Eye Institute bilan hamkorlikda yangi taʼlim tashabbusi boʻlgan ""Eyes on Health"" dasturini ishga tushirishdan mamnunman. Ushbu dastur bemorlar va ularga gʻamxoʻrlik qiluvchilar uchun keng qamrovli resurslarni taqdim etishni maqsad qilgan boʻlib, ularga koʻz kasalliklarini yaxshiroq tushunish va boshqarishda yordam beradi. Vebinarlar, maqolalar yoki oʻzaro savol-javob sessiyalari orqali boʻlsin, biz koʻz salomatligini hamma uchun ochiq va tushunarli qilishga intilamiz.

Sizning fikrlaringiz va tajribalaringizni eshitishni istardim. Siz bemorlaringizning sogʻliqni saqlash jarayonida xabardor va faol boʻlishlarini qanday taʼminlaysiz? #EyeHealth #PatientEducation #Ophthalmology",False,,1.9518609046936035,1125
smoltalk_87,assistant,"I am pleased to share an inspiring story that underscores the significance of patient education and committed healthcare. Several months ago, I had the honor of collaborating with Sarah Johnson, a patient diagnosed with a rare form of macular degeneration. Despite the initial obstacles, Sarah's condition markedly improved following the implementation of a tailored treatment plan and ongoing patient education. Her journey serves as a powerful testament to the critical role of clear communication and a supportive healthcare team.

Motivated by Sarah's success, I am delighted to announce the launch of ""Eyes on Health,"" a new educational initiative in partnership with the San Francisco Eye Institute. This program is designed to offer comprehensive resources for patients and caregivers, enhancing their understanding and management of eye conditions. Through a variety of formats including webinars, articles, and interactive Q&A sessions, we are dedicated to making eye health accessible and comprehensible to all.

I welcome your insights and experiences. How do you ensure that your patients remain informed and engaged in their healthcare journey? #EyeHealth #PatientEducation #Ophthalmology",,True,assistant_message,,
smoltalk_88,user,"Their town has two bus lines, the orange and the purple. Each bus line only has two buses. The buses drive along the same road, each one going in the opposite direction. If you are on the orange bus going east, what is the probability that the next bus you see will be purple?","Ularning shahrida ikkita avtobus liniyasi bor: to'q sariq va binafsha. Har bir avtobus liniyasida faqat ikkita avtobus bor. Avtobuslar bir xil yo'l bo'ylab harakatlanadi, har biri qarama-qarshi yo'nalishda. Agar siz sharqqa qarab harakatlanayotgan to'q sariq avtobusda bo'lsangiz, keyingi ko'rgan avtobusingiz binafsha bo'lish ehtimoli qancha?",False,,0.6851041316986084,276
smoltalk_88,assistant,"To solve this, let's break down the situation. There are four buses in total: two orange and two purple. Since you are already on an orange bus going east, we only need to consider the remaining three buses, as the one you are on doesn't affect the outcome.

Of the three remaining buses, two are going in the opposite direction (west), and one is going in the same direction as you (east). Since there is one purple bus going in each direction, this leaves us with two possible purple buses and one orange bus that could be the next bus you see.

However, since you are moving east and a bus is coming from the opposite direction (west), the probability is actually related to which buses are going west. There are two buses going west, and since each bus line only has two buses, one of those going west is orange and the other is purple.

Therefore, there is a 1 in 2 chance that the next bus you see (which is going west) is purple, making the probability 0.5 or 50%.",,True,assistant_message,,
smoltalk_88,user,What happens if while on the orange bus going east you see a bus and it is not purple but rather orange do you know know what the next one is?,"Agar sharqqa qarab ketayotgan to'q sariq avtobusda boshqa bir avtobusni ko'rsangiz va u binafsha emas, balki to'q sariq bo'lsa, keyingisi nima ekanligini bilasizmi?",False,,0.5510549545288086,142
smoltalk_88,assistant,"If you see an orange bus going west, that means the other bus going west (in the opposite direction) must be purple, since there is only one other bus going west and it can't be another orange bus going in the same direction as the one you just saw (since each direction has one bus from each line). 

Now that you know the orange bus going west has passed, the only bus left that could be going in the opposite direction (and be seen next by you going east) is the purple bus. The next bus you see going in the opposite direction (west) will indeed be purple.

However, it's essential to consider that you might see a bus going in the same direction (east) before you see another one going west. If you see a bus going east, it could be the purple bus going east, and in that case, it wouldn't change the fact that the next bus going west would be purple.

So, if you see an orange bus going west, you can conclude that the next bus you see going west will be purple.",,True,assistant_message,,
smoltalk_88,user,"write the corrected response here
If you see an orange bus going west that means the other bus going west in the opposite direction must be purple since there is only one other bus going west and it can't be another orange bus going in the same direction as the one you just saw since each direction has one bus from each line now that you know the orange bus going west has passed the only bus left that could be going in the opposite direction and be seen next by you going east will indeed be purple","to'g'irlangan javobni shu yerga yozing
Agar siz g'arbga qarab ketayotgan to'q sariq avtobusni ko'rsangiz, demak, g'arbga qarab teskari yo'nalishda ketayotgan boshqa avtobus binafsha rangda bo'lishi kerak, chunki g'arbga qarab ketayotgan boshqa bitta avtobus bor va u siz ko'rgan avtobus bilan bir xil yo'nalishda ketayotgan boshqa to'q sariq avtobus bo'lishi mumkin emas, chunki har bir yo'nalishda har bir liniyadan bitta avtobus bor, endi siz g'arbga qarab ketayotgan to'q sariq avtobus teskari yo'nalishda ketishi va keyin siz sharqqa qarab ketayotganingizda ko'rinishi mumkin bo'lgan yagona avtobusni o'tkazib yuborganini bilsangiz, u haqiqatan ham binafsha rangda bo'ladi.",False,,1.2172799110412598,502
smoltalk_88,assistant,"If you see an orange bus going west, that means the other bus going west in the opposite direction must be purple, since there is only one other bus going west and it can't be another orange bus going in the same direction as the one you just saw, since each direction has one bus from each line. Now that you know the orange bus going west has passed, the only bus left that could be going in the opposite direction and be seen next by you going east will indeed be purple.",,True,assistant_message,,
smoltalk_89,user,I just posted a new photo on my Instagram and I want it shared on my Facebook Story. Can you help me do that?,Men Instagram'ga yangi rasm yukladim va uni Facebook Story'mda ulashmoqchiman. Menga yordam bera olasizmi?,False,,0.6108641624450684,109
smoltalk_89,assistant,"As an AI text-based model, I don't have the capability to directly perform actions on social media platforms, but I can guide you through the steps on how to share your Instagram post to your Facebook Story.

1. Open the Instagram app on your device.
2. Go to your profile and find the photo you want to share.
3. Tap on the photo to open it.
4. Below the photo, tap on the airplane symbol (Share button).
5. A menu will appear with several options. Tap on ""Share to Facebook"".
6. On the next screen, you'll see ""Share to News Feed"" and ""Share to Your Story"". Choose ""Share to Your Story"".
7. If prompted, log in to your Facebook account.
8. Then, it will be shared to your Facebook Story.

Remember, you need to have your Facebook account linked to your Instagram for this to work. If you haven't done this yet, you can do it in Instagram settings -> ""Account"" -> ""Linked Accounts"" -> ""Facebook"", and then enter your Facebook login information.",,True,assistant_message,,
smoltalk_90,user,"How would you configure thread sanitization in C++ through command line instructions, while at the same time ensuring that the stack size is set to a minimum of 512KB? Please provide a detailed sequence of steps involving multiple stages of reasoning.","C++ tilida buyruqlar satri orqali ipni tozalashni qanday sozlagan bo'lar edingiz, shu bilan birga stek hajmini kamida 512 KB ga o'rnatishni ta'minlagan holda? Iltimos, mulohazaning bir necha bosqichlarini o'z ichiga olgan batafsil qadamlar ketma-ketligini taqdim eting.",False,,0.8095190525054932,251
smoltalk_90,assistant,"Thread sanitization is a tool in C++ that can help identify and prevent bugs related to multithreading. To configure thread sanitization in C++, you can use the command line option `-fsanitize=thread`. 

However, to ensure that the stack size is set to a minimum of 512KB, you'll need to use the linker option `--stack`. Here's a detailed sequence of steps to do this:

1. Compile your C++ code with the `-fsanitize=thread` option. This will include the thread sanitizer library in the binary.
```
g++ -fsanitize=thread -o myapp myapp.cpp
```
2. Next, use the `--stack` linker option to set the stack size to a minimum of 512KB. This option is passed to the linker via the `-Wl` flag.
```
g++ -fsanitize=thread -Wl,--stack,524288 -o myapp myapp.cpp
```
Note that `524288` is the value of 512KB in bytes.

3. Run your program to see if it identifies any thread-related bugs. If there are any issues, the thread sanitizer will report them.

By using these two options together, you can ensure that your C++ program is being executed with a minimum stack size of 512KB and being monitored for thread-related bugs.",,True,assistant_message,,
smoltalk_91,user,Find $\lfloor |-4.2| \rfloor + |\lfloor -4.2 \rfloor|$.,$\lfloor |-4.2| \rfloor + |\lfloor -4.2 \rfloor|$ ni toping.,False,,0.3497610092163086,55
smoltalk_91,assistant,"We have $\lfloor |-4.2| \rfloor = \lfloor 4.2 \rfloor = 4$ and $|\lfloor -4.2 \rfloor| = |-5| = 5$.
So $\lfloor |-4.2| \rfloor + |\lfloor -4.2 \rfloor| = 4 + 5 = \boxed{9}$.
The answer is: 9",,True,assistant_message,,
smoltalk_92,user,Is there a way to generate code that can transform input text into lowercase?,Kirish matnini kichik harflarga aylantiradigan kodni yaratishning yo'li bormi?,False,,0.4636092185974121,77
smoltalk_92,assistant,"Yes, here is a Python code snippet that can achieve that:

```python
def transform_to_lowercase(input_text):
   output_text = input_text.lower()
   return output_text

text = ""This is A random Text""
lowercase_text = transform_to_lowercase(text)
print(lowercase_text)
```

In this code, we define a function `transform_to_lowercase` that takes an `input_text` parameter. Inside the function, we use the `.lower()` method on the `input_text` to transform it into lowercase and assign the result to the `output_text` variable. Finally, we return the `output_text`.

To test the code, we pass the input text ""This is A random Text"" to the `transform_to_lowercase` function and store the result in the `lowercase_text` variable. Then, we print the `lowercase_text` which will be the transformed lowercase version of the input text: ""this is a random text"".",,True,assistant_message,,
smoltalk_93,user,I'm writing a story with a small town setting where I want the main character to be an outsider. How can I create an interesting backstory for this character to explain why they moved to this new town?,Men kichik bir shaharda bo'ladigan hikoya yozayapman va unda bosh qahramonning shaharga yangi kelgan odam bo'lishini istayapman. Bu qahramonning nima uchun bu shaharga ko'chib kelganini tushuntirish uchun unga qiziqarli o'tmishni qanday yaratishim mumkin?,False,,0.7149930000305176,201
smoltalk_93,assistant,"The mysterious outsider – a classic trope in literature. Creating a compelling backstory for your main character can add depth and richness to your story. Let's explore some ideas to get you started.

Consider what motivated your character to leave their old life behind. Was it a tragic event, a painful breakup, or a fresh start? Perhaps they were running from a dark secret or seeking solace in a quieter environment. This driving force can shape their personality, relationships, and interactions in the new town.

You could also think about their previous life, their family, and their career. Were they a city dweller who grew tired of the fast-paced lifestyle, or a rural dweller who wanted to experience small-town charm? Did they have a close-knit community or a lonely existence? How did their past experiences shape their worldview and influence their decision to move?

Here are a few examples to spark inspiration:

- A former artist, struggling to find inspiration in the city, moves to the small town to reignite their passion and connect with nature.
- A young professional, burned out from a high-stress job, seeks a simpler life in the small town, only to discover new challenges and opportunities.
- A person with a troubled past, seeking redemption, moves to the small town to start anew, but finds it difficult to shake off their old reputation.

Once you have a sense of your character's backstory, you can begin to weave it into the narrative, revealing fragments through dialogue, flashbacks, or subtle hints. This will help create a sense of mystery and intrigue, drawing the reader into your character's world.

Now, what kind of vibe do you want to convey with your character's backstory? Is it one of sadness, hope, or rebirth? Do you have any specific themes or genres in mind for your story?",,True,assistant_message,,
smoltalk_93,user,How can I create a mysterious atmosphere for the town?,Shaharda sirli muhitni qanday yaratishim mumkin?,False,,0.41469597816467285,54
smoltalk_93,assistant,"Crafting a mysterious atmosphere for your small town can be a delicate yet potent aspect of your narrative. To create an air of intrigue, you'll want to balance subtle hints with carefully placed suggestions, leaving room for the reader's imagination to fill in the gaps.

Start by considering the town's history, geography, and the locals' behavior. Perhaps the town has a dark past, shrouded in secrets or tragic events that have been swept under the rug. This could manifest in the town's architecture, with old, weathered buildings, overgrown ruins, or eerie landmarks that whisper tales of the past.

The natural environment can also contribute to the mysterious atmosphere. Is the town nestled in a valley, surrounded by dense woods, or perched on the edge of a lake? The landscape can be used to create an sense of isolation, making the town feel like a world unto itself. Consider the lighting, too – perpetual twilight, flickering streetlights, or an unsettling fog can all contribute to an air of unease.

The townspeople themselves can be a vital part of the mystery. Are they tight-lipped about the town's history, or do they whisper rumors and warnings to your protagonist? Maybe there's a sense of cliques or factions within the town, with some residents seeming more ""in the know"" than others. You could also introduce enigmatic characters, like the reclusive old man who lives on the outskirts, or the newcomer who seems to be hiding secrets of their own.

To add depth to the mystery, sprinkle subtle hints throughout the narrative. These could be:

- Abandoned buildings or forgotten relics with cryptic messages or symbols
- Whispers of local legends or ghost stories that seem to be rooted in truth
- Unsettling rituals or traditions that the townspeople observe, but don't explain
- Peculiar smells, sounds, or textures that hint at something being ""off""

Remember, the key to creating a mysterious atmosphere is to show, not tell. Allow the reader to piece together the clues, and avoid spelling out the town's secrets too explicitly. Leave some questions unanswered, and let the unknown simmer in the background, waiting to be uncovered.

What kind of mysterious vibe are you aiming for? Is it more eerie and foreboding, or intriguing and enchanting?",,True,assistant_message,,
smoltalk_93,user,Preview how that town will appear to your main character when they first arrive and walk through its streets?,"Asosiy qahramoningiz birinchi marta kelib, ko'chalarida sayr qilganda, o'sha shahar unga qanday ko'rinishini tasavvur qiling?",False,,0.4171438217163086,109
smoltalk_93,assistant,"As your main character steps off the bus or train and onto the town's main street, they're immediately enveloped in a sense of stillness. The air is heavy with the scent of blooming flowers and fresh-cut grass, but there's an undercurrent of something else, something slightly sweet and decaying.

The first thing they notice is the silence. There's no hum of traffic, no chatter of pedestrians, just an unsettling quiet that makes their footsteps seem loud on the sidewalk. The buildings seem to loom over them, their facades a mix of old and new, with faded signs creaking in the gentle breeze.

As they walk down the main street, they notice the storefronts are a curious mix of quaint and neglected. There's the old diner with its chrome exterior and neon sign, but the windows are dusty and the menu appears to be from another era. Next door, a boutique shop seems to be thriving, its windows filled with colorful trinkets and handmade crafts. But the display seems...off, like the owner is trying too hard to appear cheerful.

The streets themselves are narrow and winding, with ancient trees stretching overhead, their branches tangled in a canopy that filters the sunlight. The pavement is cracked and worn, with weeds pushing up through the cracks, giving the impression that nature is slowly reclaiming the town.

People begin to appear, but they seem to be watching from the shadows. Your character catches glimpses of faces in windows, or figures lurking in doorways, but whenever they turn to look, the person has vanished. The few people they do encounter seem friendly enough, but there's a wariness in their eyes, a sense that they're sizing up the newcomer.

The town's history seems to seep from every brick and board. Your character notices old photographs in shop windows, depicting people in outdated clothing, standing proudly in front of buildings that no longer exist. There are plaques commemorating events and people, but the language is vague, leaving more questions than answers.

As the sun begins to set, the town takes on a golden glow, but the shadows seem to deepen, like dark pockets of secrets waiting to be uncovered. Your character can't shake the feeling that they're being led deeper into a labyrinth, with no clear exit in sight.

What would you like your character to discover first? A cryptic message, a mysterious local, or perhaps a hidden landmark?",,True,assistant_message,,
smoltalk_94,user,"From an efficiency perspective, which is more efficient to use: an 'if-return-return' structure or an 'if-else-return' structure? For instance, should I use the following code:

```python
if(A > B):
    return A+1
return A-1
```

Or should I use this instead:

```python
if(A > B):
    return A+1
else:
    return A-1
```

Does the preference change when using a compiled language like C or a scripted language like Python?",,True,filtered,,
smoltalk_94,assistant,"From an efficiency perspective, there is no significant difference between the two structures. Both 'if-return-return' and 'if-else-return' will perform the same operation and will have similar performance.

In both Python and C, as soon as a 'return' statement is encountered, the control is passed back to the caller and the function is exited. This means that in the 'if-return-return' structure, if the condition in the 'if' statement is true, the function will return A+1 and exit. If it's false, it will skip the first 'return' statement and move to the next line, returning A-1 and exiting. This is exactly how the 'if-else-return' structure will also behave.

Hence, the choice between the two is more a matter of code readability and style, rather than efficiency. Some programmers might prefer the 'if-else-return' structure because it explicitly shows the two alternative paths the function can take, and might thus be easier to understand at a glance. On the other hand, others might prefer the 'if-return-return' structure because it involves less indentation, making the code look cleaner. 

Here is how you would write the code in Python:

```python
def compare(A, B):
    if(A > B):
        return A+1
    else:
        return A-1
```

And here is how you would write the code in C:

```c
int compare(int A, int B) {
    if(A > B) {
        return A+1;
    } else {
        return A-1;
    }
}
```

In both cases, the function takes two integers as input, checks if the first one is greater than the second one, and returns either A+1 or A-1 based on the result. The 'if-else-return' structure makes this logic clear. However, you could also use the 'if-return-return' structure without changing the functionality or performance of the function.",,True,assistant_message,,
smoltalk_95,user,How do I analyze a survey to predict whether a person is likely to purchase a car in the next 6 months?,"Odam keyingi 6 oy ichida avtomobil sotib olish ehtimoli bormi yoki yo'qmi, buni bashorat qilish uchun so'rovnomani qanday tahlil qilish kerak?",False,,0.5109817981719971,103
smoltalk_95,assistant,"To analyze a survey and predict whether a person is likely to purchase a car in the next 6 months, you'll want to focus on identifying key factors that influence their purchasing decision. Here's a general approach:

First, examine the survey questions and identify relevant variables that may impact a person's likelihood of buying a car. These might include:

- Demographic information (age, income, occupation)
- Current vehicle ownership and usage
- Satisfaction with their current vehicle
- Intentions to purchase a new vehicle
- Budget and financing options
- Lifestyle factors (e.g., family size, daily commute)

Next, look for correlations between these variables and the respondent's stated intention to purchase a car in the next 6 months. You can use statistical techniques such as logistic regression or decision trees to identify the most influential factors.

Some potential insights to look for:

- Are certain age groups or income levels more likely to purchase a car in the next 6 months?
- Do respondents who are dissatisfied with their current vehicle show a higher likelihood of purchasing a new one?
- Are there regional differences in purchasing intentions?

You can also use data visualization techniques, such as bar charts or scatter plots, to illustrate the relationships between variables and help identify patterns.

Once you've identified the key factors, you can develop a predictive model that assigns a probability score to each respondent based on their survey responses. This score can indicate the likelihood of them purchasing a car in the next 6 months.

For example, if the analysis shows that respondents aged 25-45 with a household income above $75,000 are more likely to purchase a car, the model could assign a higher probability score to individuals who fit this profile.

Keep in mind that the accuracy of the predictive model will depend on the quality of the survey data and the relevance of the variables included in the analysis.",,True,assistant_message,,
smoltalk_95,user,What are the common types of survey questions used in purchasing behavior analysis?,Sotib olish xulq-atvorini tahlil qilishda qanday umumiy turdagi so'rov savollari qo'llaniladi?,False,,0.6014220714569092,83
smoltalk_95,assistant,"When analyzing purchasing behavior through surveys, several types of questions can help gather relevant information. Here are some common types of survey questions used:

1. **Demographic questions**: These questions collect information about the respondent's background, such as age, income, occupation, education level, and location. This data helps identify trends and patterns in purchasing behavior among different demographic groups.

2. **Multiple-choice questions**: These questions provide respondents with a set of pre-defined options to choose from, such as ""How often do you purchase a new car?"" with options like ""Every 2-3 years,"" ""Every 5-7 years,"" or ""Rarely."" Multiple-choice questions help quantify respondents' attitudes and behaviors.

3. **Likert scale questions**: These questions ask respondents to rate their level of agreement or satisfaction with a particular statement, such as ""I am satisfied with my current vehicle"" on a scale from 1 (strongly disagree) to 5 (strongly agree). Likert scales help measure respondents' attitudes and opinions.

4. **Open-ended questions**: These questions allow respondents to provide detailed, qualitative answers, such as ""What factors influence your decision to purchase a new car?"" or ""Can you describe your most recent car-buying experience?"" Open-ended questions provide rich, contextual insights into respondents' thoughts and behaviors.

5. **Ordinal questions**: These questions ask respondents to rank their preferences or behaviors in a particular order, such as ""Which of the following features is most important to you when buying a new car?"" (e.g., price, fuel efficiency, safety features). Ordinal questions help prioritize respondents' preferences.

6. **Behavioral frequency questions**: These questions ask respondents how often they engage in a particular behavior, such as ""How often do you research cars online before making a purchase?"" or ""How many cars have you purchased in the past 5 years?"" Behavioral frequency questions help quantify respondents' behaviors.

7. **Intent-to-purchase questions**: These questions directly ask respondents about their purchasing intentions, such as ""Do you plan to purchase a new car in the next 6 months?"" or ""How likely are you to recommend our brand to a friend?"" Intent-to-purchase questions help gauge respondents' likelihood of making a purchase.

8. **Psychographic questions**: These questions collect information about respondents' values, interests, and lifestyle, such as ""How important is environmental sustainability when making purchasing decisions?"" or ""Do you prioritize convenience when shopping for a car?"" Psychographic questions help understand respondents' motivations and values.

By incorporating these types of questions into a survey, you can gather a comprehensive understanding of respondents' purchasing behaviors, attitudes, and preferences, ultimately informing your analysis and predictive models.",,True,assistant_message,,
smoltalk_95,user,How do we do survey validation and data cleansing?,So'rovnomani tasdiqlash va ma'lumotlarni tozalashni qanday amalga oshiramiz?,False,,0.5102782249450684,50
smoltalk_95,assistant,"Survey validation and data cleansing are crucial steps in ensuring the quality and accuracy of your survey data. Here's a step-by-step guide on how to validate and cleanse your survey data:

**Survey Validation:**

1. **Pilot testing**: Before launching the survey, pilot test it with a small group of respondents to identify any issues with question wording, response options, or survey logic.
2. **Question validation**: Review each question to ensure it is clear, concise, and relevant to the research objectives. Check for any leading or biased questions.
3. **Response validation**: Verify that response options are mutually exclusive, exhaustive, and relevant to the question.
4. **Survey logic validation**: Check the survey's logic and branching to ensure that respondents are directed to the correct questions based on their previous answers.

**Data Cleansing:**

1. **Data import and formatting**: Import the survey data into a statistical software or spreadsheet program and ensure that the data is in a suitable format for analysis.
2. **Missing value identification**: Identify missing values, such as blank or null responses, and decide on a strategy to handle them (e.g., listwise deletion, mean imputation, or multiple imputation).
3. **Outlier detection**: Identify outliers or anomalous responses that may indicate errors or inconsistencies in the data.
4. **Data normalization**: Normalize the data by transforming variables into a common scale or format to facilitate analysis.
5. **Data transformation**: Transform variables as needed to meet the assumptions of statistical tests or to improve the interpretability of the data.
6. **Data quality checks**: Perform data quality checks to ensure that the data meets the required standards, such as checking for inconsistent or contradictory responses.
7. **Data cleaning and editing**: Clean and edit the data to correct errors, inconsistencies, or inaccuracies.

**Data Quality Checks:**

1. **Frequency distributions**: Examine frequency distributions to identify unusual patterns or outliers.
2. **Summary statistics**: Calculate summary statistics (e.g., means, medians, standard deviations) to understand the distribution of the data.
3. **Crosstabulations**: Examine crosstabulations to identify relationships between variables and detect potential data quality issues.
4. **Data validation rules**: Apply data validation rules to check for inconsistencies or errors in the data.

**Best Practices:**

1. **Document data cleaning and validation processes**: Keep a record of the data cleaning and validation processes to ensure transparency and reproducibility.
2. **Use data validation tools**: Utilize data validation tools, such as survey software or statistical programs, to streamline the validation and cleansing process.
3. **Involve multiple reviewers**: Have multiple reviewers examine the data and validation processes to ensure accuracy and consistency.

By following these steps and best practices, you can ensure that your survey data is accurate, reliable, and ready for analysis.",,True,assistant_message,,
smoltalk_96,user,What is your expertise and how can I engage with you.,Sizning mutaxassisligingiz nima va men siz bilan qanday bog'lanishim mumkin?,False,,0.4068779945373535,53
smoltalk_96,assistant,"I'm an AI assistant specializing in data analysis and interpretation. My expertise includes:

* Data analysis: I can help you understand and extract insights from various datasets, including numerical, categorical, and time-series data.
* Statistical calculations: I can perform and explain statistical tests, such as regression, hypothesis testing, and confidence intervals, to identify trends and relationships within your data.
* Data visualization: I can guide you on the most effective ways to present your data, including choosing the right charts and graphs to communicate insights and findings.
* Statistical concepts: I can clarify and explain statistical terminology, theories, and methodologies, making it easier for you to work with data.

To engage with me, you can:

1. Ask questions about a specific dataset or problem you're trying to solve.
2. Share your dataset and ask for my analysis and insights.
3. Request help with statistical calculations or tests.
4. Ask for guidance on data visualization techniques or recommendations for presenting your data.
5. Inquire about statistical concepts or terminology you're struggling to understand.

Feel free to ask follow-up questions based on my responses, and I'll do my best to provide clear and concise answers to help you derive insights from your data.",,True,assistant_message,,
smoltalk_96,user,How will you answer questions and provide analysis of the user's data in your responses.,Savollarga qanday javob berasiz va javoblaringizda foydalanuvchi maʼlumotlarini tahlil qilasiz?,False,,0.41964077949523926,88
smoltalk_96,assistant,"When answering questions and providing analysis of your data, I'll follow a clear and concise narrative format. Here's what you can expect:

1. **Direct answers**: I'll address your question directly, providing a clear and concise answer.
2. **Contextual explanations**: I'll provide context and explanations to help you understand the analysis, insights, or statistical concepts.
3. **Insights and observations**: I'll highlight key findings, trends, and patterns in your data, and explain what they might mean.
4. **Analytical summaries**: I'll summarize complex analyses, such as statistical tests or modeling results, in an easy-to-understand format.
5. **Recommendations and next steps**: If applicable, I'll suggest potential next steps, additional analyses, or data collection strategies to further explore your research question or problem.

When presenting data analysis results, I might use simple, text-based representations of data, such as:

* Summary statistics (e.g., means, medians, standard deviations)
* Correlation coefficients or regression results
* Descriptive statistics (e.g., counts, frequencies)
* Data visualizations (described in text, as I'm a text-based AI)

I'll avoid using overly technical jargon, complex equations, or excessively detailed step-by-step breakdowns unless you specifically request them. My goal is to provide clear, actionable insights that help you understand and make informed decisions based on your data.

Feel free to ask follow-up questions or request more information on any aspect of my responses. I'm here to help you extract meaningful insights from your data.",,True,assistant_message,,
smoltalk_96,user,"How do you provide data analysis and insights concisely in narrative format. 

Here is an example of how you can respond with concise answers in a narrative format:

Example 1: User asks ""what is the trend of the data""
You respond with: 
The data shows an overall upward trend with some fluctuations. Specifically the data increases steadily from 2018 to 2020 but then slows down in 2021 and 2022.

Example 2:  User asks ""Can you explain what the correlation coefficient of 0.7 means""
You respond with: 
A correlation coefficient of 0.7 indicates a strong positive relationship between the two variables. This means that as one variable increases the other variable also tends to increase.","Maʼlumotlarni tahlil qilish va xulosalarni qisqa matnli formatda qanday taqdim etasiz?

Quyida qisqa javoblarni matnli formatda qanday berish mumkinligiga misol keltirilgan:

Misol 1: Foydalanuvchi ""maʼlumotlardagi tendensiya qanday?"" deb soʻraydi.
Siz quyidagicha javob berasiz:
Maʼlumotlar umumiy oʻsish tendensiyasini, shuningdek, baʼzi oʻzgarishlarni koʻrsatadi. Xususan, maʼlumotlar 2018-yildan 2020-yilgacha barqaror oʻsgan, ammo 2021 va 2022-yillarda sekinlashgan.

Misol 2: Foydalanuvchi ""0,7 korrelyatsiya koeffitsiyenti nimani anglatishini tushuntirib bera olasizmi?"" deb soʻraydi.
Siz quyidagicha javob berasiz:
0,7 korrelyatsiya koeffitsiyenti ikkita oʻzgaruvchi oʻrtasida kuchli musbat bogʻliqlikni koʻrsatadi. Bu shuni anglatadiki, bitta oʻzgaruvchi oʻssa, ikkinchi oʻzgaruvchi ham oʻsishga moyil boʻladi.",False,,1.4135067462921143,689
smoltalk_96,assistant,"I will provide data analysis and insights concisely in a narrative format, as shown in the examples. Here are some guidelines I'll follow:

1. **Focus on key findings**: I'll identify the most important insights and trends in the data and present them in a clear and concise manner.
2. **Use simple language**: I'll avoid using overly technical jargon or complex statistical terminology, instead opting for simple and accessible language.
3. **Provide context**: I'll give context to the data and analysis to help users understand the results, such as explaining the variables involved or the time period of the data.
4. **Highlight relationships and patterns**: I'll point out relationships between variables, patterns in the data, and correlations, and explain what they might mean.
5. **Use specific examples**: I'll use specific examples from the data to illustrate key findings and make the analysis more tangible.

Here are some example responses that demonstrate this approach:

* ""The data shows a steady decline in sales over the past quarter, with a notable drop in July. This suggests that the company may need to adjust its marketing strategy to boost sales.""
* ""The correlation between the two variables is 0.9, indicating a very strong positive relationship. This means that as one variable increases, the other variable tends to increase strongly as well.""
* ""The regression analysis shows that the most important predictor of customer satisfaction is the quality of customer service, accounting for 30% of the variation in satisfaction scores.""
* ""The time-series analysis reveals a seasonal pattern in website traffic, with a peak in December and a trough in June. This suggests that the company should adjust its advertising strategy to take advantage of the peak period.""

By following this approach, I aim to provide users with clear, concise, and actionable insights that help them make informed decisions based on their data.",,True,assistant_message,,
smoltalk_97,user,"In a fruit salad, there are raspberries, green grapes, and red grapes. There are three times the number of red grapes as green grapes, plus some additional red grapes. There are 5 less raspberries than green grapes. There are 102 pieces of fruit in the salad, and there are 67 red grapes in the salad. How many more red grapes are there than three times the number of green grapes?","Mevali salatda malina, yashil uzum va qizil uzum bor. Qizil uzumning miqdori yashil uzumning miqdoridan uch marta ko'p, qo'shimcha qizil uzumlar ham bor. Malina yashil uzumdan 5 ta kam. Salata umumiy 102 ta meva bor va salatda 67 ta qizil uzum bor. Qizil uzumning miqdori yashil uzumning miqdoridan uch marta ko'p bo'lgandan qancha ko'p?",False,,0.7217960357666016,381
smoltalk_97,assistant,"Let's denote the number of green grapes as G, the number of red grapes as R, and the number of raspberries as B.

From the information given, we have the following equations:

1) R = 3G + X, where X is the additional number of red grapes beyond three times the green grapes.
2) B = G - 5, because there are 5 less raspberries than green grapes.
3) R + G + B = 102, because there are 102 pieces of fruit in the salad.
4) R = 67, because there are 67 red grapes in the salad.

Now, let's use these equations to find the values of G, B, and X.

From equation 4, we know R = 67. We can substitute R in equation 1 to find the value of G and X:

67 = 3G + X

Now, let's use equation 3 to express B in terms of G:

R + G + B = 102
67 + G + (G - 5) = 102
67 + 2G - 5 = 102
2G + 62 = 102
2G = 102 - 62
2G = 40
G = 20

Now that we have the value of G, we can find B:

B = G - 5
B = 20 - 5
B = 15

Now we can find the value of X by substituting G back into equation 1:

67 = 3(20) + X
67 = 60 + X
X = 67 - 60
X = 7

So, there are $\boxed{7}$  more red grapes than three times the number of green grapes.",,True,assistant_message,,
smoltalk_98,user,"Given a data dictionary with nested items, retrieve the value of 'field02' from 'item03'. For example, the data dictionary might look like this: {'item01': {'field01': 'value1', 'field02': 'value2'}, 'item02': {'field01': 'value3', 'field02': 'value4'}, 'item03': {'field01': 'value5', 'field02': 'value6'}}.",,True,filtered,,
smoltalk_98,assistant,"<tool_call>[{""name"": ""get_field02_of_item03"", ""arguments"": {""data"": {""item01"": {""field01"": ""value1"", ""field02"": ""value2""}, ""item02"": {""field01"": ""value3"", ""field02"": ""value4""}, ""item03"": {""field01"": ""value5"", ""field02"": ""value6""}}}}]</tool_call>",,True,assistant_message,,
smoltalk_99,user,Can you tell me what the Spanish word for 'hello' is?,"Ispan tilida ""salom"" so'zi nima ekanligini ayta olasizmi?",False,,0.5033261775970459,53
smoltalk_99,assistant,The Spanish word for 'hello' is 'hola'.,,True,assistant_message,,
